class,table,colname,property.pname,property.object,property.type,property.ref-property,type,settings.data.role,settings.data.allow-null,settings.data.unique,settings.data.width,settings.data.index,settings.data.fixed-width,settings.data.regex.rule,settings.data.regex.message,settings.data.default,settings.data.searchable,settings.data.ref-key-check,settings.data.binary-constraints,settings.data.number.step,settings.ui.control,settings.ui.show-on-page.add,settings.ui.show-on-page.edit,settings.ui.show-on-page.delete,settings.ui.show-on-page.details,settings.ui.do-not-show-on-page.add,settings.ui.do-not-show-on-page.edit,settings.ui.do-not-show-on-page.delete,settings.ui.do-not-show-on-page.details,data.initialvalues,data.initialvalues-must-include-column,static.variables-from-file,static.variables,static.methods,settings.code.generate-sql-table,settings.code.generate-modal-class,settings.code.inherit-class,settings.code.inheritable-property.is-inheritable,settings.code.inheritable-property.index,settings.code.show-on-modal,convert.on-save,convert.on-display,settings.other-specify,comments
__data__,__data__,timeOfCreation,timeOfCreation,,,,dateandtime,,,,,,,,,,,,,,,,,,,,,,,,,,,,FALSE,FALSE,,TRUE,0,,,,,Inherited
,,timeOfUpdation,timeOfUpdation,,,,dateandtime,,,,,,,,,,,,,,,,,,,,,,,,,,,,,,,TRUE,0,,,,,Inherited
,,temporaryObjectHolder,temporaryObjectHolder,,,,reference,,,,,,,,,,FALSE,,,,,,,,,,,,,,,,,,,,,TRUE,906,,,,,Inherited
,,temporaryIntegerHolder,temporaryIntegerHolder,,,,integer,,,,,,,,,,FALSE,,,,,,,,,,,,,,,,,,,,,TRUE,907,,,,,Inherited
,,temporaryStringHolder,temporaryStringHolder,,,,text,,,,32,,,,,,FALSE,,,,,,,,,,,,,,,,,,,,,TRUE,908,,,,,Inherited
,,extraFilter,extraFilter,,,,filter,,,,,,,,,,FALSE,,,,,,,,,,,,,,,,,,,,,TRUE,909,,,,,Inherited
,,comments,comments,,,,comments,,,,,,,,,,,,,,,,,,,,,,,,,,,,,,,TRUE,910,,,,,Inherited
,,flags,flags,,,,flags,,,,,,,,,,FALSE,,,1,,,,,,,,,,,,,,,,,,TRUE,911,,,,,Inherited
__undo_data__,__undo_data__,dataId,dataId,,,,integer,primary,,,,,,,,,,,,,,,,,,,,,,,,,,,FALSE,,__data__,FALSE,0,,,,,Undo Inherit
,,timeOfCreation,timeOfCreation,,,,dateandtime,,,,,,,,,,,,,,,,,,,,,,,,,,,, , ,,TRUE,0,,,,,Inherited
,,timeOfUpdation,timeOfUpdation,,,,dateandtime,,,,,,,,,,,,,,,,,,,,,,,,,,,,,,,TRUE,0,,,,,Inherited
,,temporaryObjectHolder,temporaryObjectHolder,,,,reference,,,,,,,,,,FALSE,,,,,,,,,,,,,,,,,,,,,FALSE,906,,,,,Undo Inherit
,,temporaryIntegerHolder,temporaryIntegerHolder,,,,integer,,,,,,,,,,FALSE,,,,,,,,,,,,,,,,,,,,,FALSE,907,,,,,Undo Inherit
,,temporaryStringHolder,temporaryStringHolder,,,,text,,,,32,,,,,,FALSE,,,,,,,,,,,,,,,,,,,,,FALSE,908,,,,,Undo Inherit
,,extraFilter,extraFilter,,,,filter,,,,,,,,,,FALSE,,,,,,,,,,,,,,,,,,,,,FALSE,909,,,,,Undo Inherit
,,comments,comments,,,,comments,,,,,,,,,,,,,,,,,,,,,,,,,,,,,,,FALSE,910,,,,,Undo Inherit
,,flags,flags,,,,flags,,,,,,,,,,FALSE,,,1,,,,,,,,,,,,,,,,,,FALSE,911,,,,,Undo Inherit
SystemPolicy,_systemPolicy,policyId,policyId,,,,integer,primary,,,,,,,,,,,,,,,,,,,,,,,,,,,,,__data__,,,,,,,
,,policyName,policyName,,,,text,value,FALSE,TRUE,64,,,,,,,,,,,,,,,,,,,,,,,,,,,,,,,,,
,,caption,caption,,,,text,,,,96,,,,,,,,,,,,,,,,,,,,,,,,,,,,,,,,,
,,root,root,,,,boolean,,,,,,,,,0,,,,,,,,,,,,,,,,,,,,,,,,,,,,
DaysOfAWeek,_daysOfAWeek,dayId,dayId,,,,integer,primary,,,,,,,,,,,,,,,,,,,,,,"{1,2,3,4,5,6,7}",,,,,,,__data__,,,,,,,
,,dayName,dayName,,,,text,value,FALSE,TRUE,9,,,,,,,,,,,,,,,,,,,"{'Sunday', 'Monday', 'Tuesday', 'Wednesday', 'Thursday', 'Friday', 'Saturday'}",,,,,,,,,,,,,,
,,abbreviation,abbreviation,,,,text,,FALSE,TRUE,4,,,,,,,,,,,,,,,,,,,"{'Sun', 'Mon', 'Tue', 'Wed', 'Thur', 'Fri', 'Sat'}",,,,,,,,,,,,,,
,,offsetValue,offsetValue,,,,integer,,FALSE,TRUE,,,,,,,,,,,,,,,,,,,,"{0, 1, 2, 3, 4, 5, 6}",,,,,,,,,,,,,,
MonthOfAYear,_monthOfAYear,monthId,monthId,,,,integer,primary,,,,,,,,,,,,,,,,,,,,,,"{1,2,3,4,5,6,7,8,9,10,11,12}",,,,,,,__data__,,,,,,,
,,monthName,monthName,,,,text,value,FALSE,TRUE,9,,,,,,,,,,,,,,,,,,,"{'January', 'February', 'March', 'April', 'May', 'June', 'July', 'August', 'September', 'October', 'November', 'December'}",,,,,,,,,,,,,,
,,abbreviation,abbreviation,,,,text,,FALSE,TRUE,3,,,,,,,,,,,,,,,,,,,"{'Jan', 'Feb', 'Mar', 'Apr', 'May', 'Jun', 'Jul', 'Aug', 'Sep', 'Oct', 'Nov', 'Dec'}",,,,,,,,,,,,,,
,,number,number,,,,integer,,FALSE,TRUE,,,,,,,,,,,,,,,,,,,,"{1, 2, 3, 4, 5, 6, 7, 8, 9, 10, 11, 12}",,,,,,,,,,,,,,
Theme,_theme,themeId,themeId,,,,integer,primary,,,,,,,,,,,,,,,,,,,,,,,,,,,,,__data__,,,,,,,
,,themeName,themeName,,,,text,value,FALSE,TRUE,24,,,,,,,,,,,,,,,,,,,,,,,,,,,,,,,,,
,,folder,folder,,, ,text,,,,16,,,,,,,,,,,,,,,,,,,,,,,,,,,,,,,,,
,,backgroundColour,backgroundColour,,,,text,,,,6,,,,,,,,,,,,,,,,,,,,,,,,,,,,,,,,,
,,backgroundImage,backgroundImage,,,,text,,,,16,,,,,,,,,,,,,,,,,,,,,,,,,,,,,,,,,
,,fontFace,fontFace,,,,text,,,,108,,,,,,,,,,,,,,,,,,,,,,,,,,,,,,,,,
,,fontSize,fontSize,,,,text,,,,8,,,,,,,,,,,,,,,,,,,,,,,,,,,,,,,,,
,,fontColour,fontColour,,,,text,,,,6,,,,,,,,,,,,,,,,,,,,,,,,,,,,,,,,,
Language,_language,languageId,languageId,,,,integer,primary,,,,,,,,,,,,,,,,,,,,,,"{1,2}",,,,,,,__data__,,,,,,,
,,languageName,languageName,,,,text,value,FALSE,TRUE,32,,,,,,,,,,,,,,,,,,,"{'English', 'Kiswahili'}",,,,,,,,,,,,,,
,,code,code,,,,text,,FALSE,TRUE,8,,,,,,,,,,,,,,,,,,,"{'En', 'Sw'}",,,,,,,,,,,,,,
Country,_country,countryId,countryId,,,,integer,primary,,,,,,,,,,,,,,,,,,,,,,@import://country.csv/countryId,,,,,,,__data__,,,,,,,
,,countryName,countryName,,,,text,value,FALSE,TRUE,48,,,,,,,,,,,,,,,,,,,@import://country.csv/countryName,,,,,,,,,,,,,,
,,abbreviation,abbreviation,,,,text,,FALSE,FALSE,4,,,,,,,,,,,,,,,,,,,@import://country.csv/abbreviation,,,,,,,,,,,,,,
,,code,code,,,,integer,,FALSE,FALSE,,,,,,,,,,,,,,,,,,,,@import://country.csv/code,,,,,,,,,,,,,,
,,timezone,timezone,,,,text,,FALSE,,5,,,,,'03:00',,,,,,,,,,,,,,@import://country.csv/timezone,,,,,,,,,,,,,,
PHPTimezone,_pHPTimezone,zoneId,zoneId,,,,integer,primary,,,,,,,,,,,,,,,,,,,,,,{1},,,,,,,__data__,,,,,,,
,,zoneName,zoneName,,,,text,value,FALSE,TRUE,48,,,,,,,,,,,,,,,,,,,{'africa/dar_es_salaam'},,,,,,,,,,,,,,
Profile,_profile,profileId,profileId,,,,integer,primary,,,,,,,,,,,,,,,,,,,,,,,,,,Person.php://Person.calculateAge,,,__data__,,,,,,,
,,profileName,profileName,,,,text,value,FALSE,TRUE,96,,,"""^[A-Za-z](\w|\W){3,95}$""","""Must be between 4 and 96 characters, must start with Alphabet""",'Default Profile',,,,,,,,,,,,,,{'Mbwambo Super Specialized Hospital'},,,,Profile.php://Profile.getBaseURL,,,,,,,,,,
,,systemName,systemName,,,,text,,FALSE,TRUE,108,,,"""^[A-Za-z](\w|\W){3,108}$""","""Must be between 4 and 108 characters, must start with Alphabet""",'Default Sys',,,,,,,,,,,,,,{'Hospital Management Information System'},,,,,,,,,,,,,,
,,logo,logo,,,,text,,,,64,,,,,,,,,,,,,,,,,,,,,,,,,,,,,,,,,
,,phone,phone,,,,phone,,,, ,,,,,,,,,,,,,,,,,,,{'+255754499424'},,,,,,,,,,,,,,
,,email,email,,,,email,,,, ,,, , ,,,,,,,,,,,,,,,,,,,,,,,,,,,,,
,,otherCommunication,otherCommunication,,,,text,,,,255,,,,,,,,,,,,,,,,,,,,,,,,,,,,,,,,,
,,website,website,,,,text,,,,64,,,,,,,,,,,,,,,,,,,,,,,,,,,,,,,,,
,,fax,fax,,,,text,,,,32,,,,,,,,,,,,,,,,,,,,,,,,,,,,,,,,,
,,address,address,,,,text,,,,64,,,"""^[A-Za-z](\w|\W){2,63}$""","""Must be between 2 and 64 characters, must start with Alphabet""",,,,,,,,,,,,,,,{'P.O Box 870'},,,,,,,,,,,,,,
,,city,city,,,,text,,FALSE,,32,,,"""^[A-Za-z](\w|\W){2,31}$""","""Must be between 2 and 32 characters, must start with Alphabet""",,,,,,,,,,,,,,,{'Moshi'},,,,,,,,,,,,,,
,,region,region,,,,text,,FALSE,,32,,,"""^[A-Za-z](\w|\W){2,31}$""","""Must be between 2 and 32 characters, must start with Alphabet""",,,,,,,,,,,,,,,{'Kilimanjaro'},,,,,,,,,,,,,,
,,countryId,country,Country,,countryId,object,,,,,,,,,,,,,,,,,,,,,,,{227},,,,,,,,,,,,,,
,,pHPTimezoneId,PHPTimezone,PHPTimezone,,zoneId,object,,,,,,,,,,,,,,,,,,,,,,,{1},,,,,,,,,,,,,,
,,dob,dob,,,,dateandtime,,,,,,,,,,,,,,,,,,,,,,,{'420321601'},,,,,,,,,,,,,,
,,firstDayOfAWeekId,firstDayOfAWeek,DaysOfAWeek,,dayId,object,,,,,,,,,,,,,,,,,,,,,,,{1},,,,,,,,,,,,,,
,,xmlFile,xmlFile,,,,text,,,,64,,,,,,,,,,,,,,,,,,,{'data/profile/profile.xml'},,,,,,,,,,,,,,
,,xmlFileChecksum,xmlFileChecksum,,,,text,,,,32,,TRUE,,,,,,,,,,,,,,,,,,,,,,,,,,,,,,,
,,serverIP4Address,serverIP4Address,,,,text,,,,15,,,,,'192.168.1.1',,,,,,,,,,,,,,,,,,,,,,,,,,,,
,,localAreaNetwork4Mask,localAreaNetwork4Mask,,,,text,,,,15,,,,,'255.255.255.0',,,,,,,,,,,,,,,,,,,,,,,,,,,,
,,maxNumberOfReturnedSearchRecords,maximumNumberOfReturnedSearchRecords,,,,integer,,FALSE,,,,,"""^[1-9]\d{0,3}$""","""1 - 9999 only""",512,,,,,,,,,,,,,,,,,,,,,,,,,,,,
,,maxNumberOfDisplayedRowsPerPage,maximumNumberOfDisplayedRowsPerPage,,,,integer,,FALSE,,,,,"""^[2-9]|[1-9][0-9]|[1]([0-1][0-9]|[2][0-8])$""","""2 - 128 only""",64,,,,,,,,,,,,,,,,,,,,,,,,,,,,
,,minAgeCriteriaForUsers,minimumAgeCriteriaForUsers,,,,integer,,FALSE,,,,,"""^[2-9]|[1-9][0-9][0-9]?|[2][0][0]$""","""2 - 200 only""",4,,,,,,,,,,,,,,,,,,,,,,,,,,,,
,,applicationCounter,applicationCounter,,,,integer,,FALSE,,,,,,,0,,,,,,,,,,,,,,,,,,,,,,,,,,,,
,,revisionNumber,revisionNumber,,,,integer,,FALSE,,,,,,,1,,,,,,,,,,,,,,,,,,,,,,,,,,,,
,,revisionTime,revisionTime,,,,dateandtime,,,,,,,,,,,,,,,,,,,,,,,,,,,,,,,,,,,,,
,,version,version,,,,text,,FALSE,,8,,,,,0,,,,,,,,,,,,,,{'3.46'},,,,,,,,,,,,,,
,,tinNumber,tinNumber,,,,text,,,,16,,,,,,,,,,,,,,,,,,,,,,,,,,,,,,,,,
,,systemHash,systemHash,,,,text,,,,32,,TRUE,,,,,,,,,,,,,,,,,,,,,,,,,,,,,,,
,,baseURL,baseURL,,,,text,,FALSE,,64,,,,,,,,,,,,,,,,,,,{'http:///localhost:8080/zoomtong.devel/html/'},,,,,,,,,,,,,,
,,baseFolder,baseFolder,,,,text,,FALSE,,64,,,,,,,,,,,,,,,,,,,{'/var/www/html/'},,,,,,,,,,,,,,
,,externalBaseFolder,externalBaseFolder,,,,text,,FALSE,,64,,,,,,,,,,,,,,,,,,,{'/var/www/external/'},,,,,,,,,,,,,,
,,lockStatic,lockStatic,,,,boolean,,FALSE,TRUE,,,,,,1,FALSE,,,,,,,,,,,,,{1},,,,,,,,,,,,,,
Group,_groups,groupId,groupId, ,, ,integer,primary,,,,,,,,,,,,,,,,,,,,,,@import://groups.csv/groupId,,,,,,,__data__,,,,,,,
,,groupName,groupName,,,,text,value,FALSE,TRUE,96,,,"""^[A-Za-z](\w|\W){2,95}$""","""Must be between 2 and 96 characters, must start with Alphabet""",,,,,,,,,,,,,,,@import://groups.csv/groupName,,,,,,,,,,,,,,
,,pId,parentGroup,Group,,groupId,object,,,,,,,,,,,,,,,,,,,,,,,@import://groups.csv/parentGroup,,,,,,,,,,,,,,
,,context,context,,,,text,,FALSE,,255,,TRUE,,,';;;;;;;;;;;;;;;;;;;;;;;;;;;;;;;;;;;;;;;;;;;;;;;;;;;;;;;;;;;;;;;;;;;;;;;;;;;;;;;;;;;;;;;;;;;;;;;;;;;;;;;;;;;;;;;;;;;;;;;;;;;;;;;;;;;;;;;;;;;;;;;;;;;;;;;;;;;;;;;;;;;;;;;;;;;;;;;;;;;;;;;;;;;;;;;;;;;;;;;;;;;;;;;;;;;;;;;;;;;;;;;;;;;;;;;;;;;;;;;;;;;;;;;;;;;;;;;',,,,,,,,,,,,,,,,,,,,,,,,,,,,
,,root,root,,,,boolean,,FALSE,,,,,,,0,,,,,,,,,,,,,,@import://groups.csv/root,,,,,,,,,,,,,,
JobTitle,_jobTitle,jobId,jobId,,,,integer,primary,,,,,,,,,,,,,,,,,,,,,,@import://jobtitle.csv/jobId,,,,,,,__data__,,,,,,,
,,jobName,jobName,,,,text,value,FALSE,TRUE,64,,,"""^[A-Za-z](\w|\W){1,63}$""","""Must be between 2 and 64 characters, must start with Alphabet""",,,,,,,,,,,,,,,@import://jobtitle.csv/jobName,,,,,,,,,,,,,,
,,context,context,,,,text,,FALSE,,255,,TRUE,,,';;;;;;;;;;;;;;;;;;;;;;;;;;;;;;;;;;;;;;;;;;;;;;;;;;;;;;;;;;;;;;;;;;;;;;;;;;;;;;;;;;;;;;;;;;;;;;;;;;;;;;;;;;;;;;;;;;;;;;;;;;;;;;;;;;;;;;;;;;;;;;;;;;;;;;;;;;;;;;;;;;;;;;;;;;;;;;;;;;;;;;;;;;;;;;;;;;;;;;;;;;;;;;;;;;;;;;;;;;;;;;;;;;;;;;;;;;;;;;;;;;;;;;;;;;;;;;;',,,,,,,,,,,,,,,,,,,,,,,,,,,,
Sex,_sex,sexId,sexId,,,,integer,primary,,,,,,,,,,,,,,,,,,,,,,"{1,2}",,,,,,,__data__,,,,,,,
,,sexName,sexName,,,,text,value,FALSE,TRUE,8,,,,,,,,,,,,,,,,,,,"{'Male', 'Female'}",,,,,,,,,,,,,,
Marital,_marital,maritalId,maritalId,,,,integer,primary, ,,,,,,,,,,,,,,,,,,,,,"{1,2,3,4,5,6,7,8,9}",,,,,,,__data__,,,,,,,
,,maritalName,maritalName,,,,text,value,FALSE,TRUE,24,,,,,,,,,,,,,,,,,,,"{'Single', 'Married', 'Divorced', 'Widowed', 'Widower', 'Cohabiting', 'Civil Union', 'Domestic Partner', 'Unmarried Partner'}",,,,,,,,,,,,,,
UserStatus,_userStatus,statusId,statusId,,,,integer,primary,,,,,,,,,,,,,,,,,,,,,,"{1,2,3,4,5}",,,,,,,__data__,,,,,,,
,,statusName,statusName,,,,text,value,FALSE,TRUE,32,,,,,,,,,,,,,,,,,,,"{'Alive', 'Dead', 'Leave', 'Martenity', 'Partenity'}",,,,,,,,,,,,,,
,,code,code,,,,integer,,FALSE, ,,,,,,,,,,,,,,,,,,,,"{1, 2, 3, 4, 5}",,,,,,,,,,,,,,
,,alive,alive,,,,boolean,,FALSE,,,,,,,1,,,,,,,,,,,,,,"{1, 0, 1, 1, 1}",,,,,,,,,,,,,,
SecurityQuestion,_securityQuestion,questionId,questionId,,,,integer,primary,,,,,,,,,,,,,,,,,,,,,,@import://securityQuestion.csv/questionId,,,,,,,__data__,,,,,,,
,,questionName,questionName,,,,text,value,FALSE,TRUE,96,,,,,,,,,,,,,,,,,,,@import://securityQuestion.csv/questionName,,,,,,,,,,,,,,
Login,_login,loginId,loginId,,,,integer,primary,,,,,,,,,,,,,,,,,,,,,,@import://login.csv/loginId,,,"{'USER_SYSTEM': '1','USER_MEDICAL_DOCTOR':'2'}",,,,__data__,,,,,,,
,,loginName,loginName,,,,text,value,,TRUE,56,,,"""^([A-Za-z](\w){1,31})|(((\w+\+*\-*)+\.?)+@((\w+\+*\-*)+\.?)*[\w-]+\.[a-z]{2,6})$""","""Username, min length=2, max length=32, must start with Alphabet and no special characters ie. ' ^ & etc or a VALID EMAIL ADDRESS""",,,,,,,,,,,,,,,@import://login.csv/loginName,,,,,,,,,,,,,,
,,password,password,,,,text,,,,40,,TRUE,,,,FALSE,,,,,FALSE,FALSE,FALSE,FALSE,,,,,@import://login.csv/password,,,,,,,,,,,,,,
,,fullName,fullName,,,,text,,,,48,,,"""^[A-Za-z](\w|\W){1,47}$""","""2 - 48 characters, must start with an Alphabet""",,,,,,,,,,,,,,,@import://login.csv/fullName,,,,,,,,,,,,,,
,,groupId,group,Group,,groupId,object,,,,,,,,,,,,,,,,,,,,,,,@import://login.csv/group,,,,,,,,,,,,,,
,,sexId,sex,Sex,,sexId,object,,,,,,,,,,,,,,,,,,,,,,,@import://login.csv/sex,,,,,,,,,,,,,,
,,maritalId,marital,Marital,,maritalId,object,,,,,,,,,,,,,,,,,,,,,,,@import://login.csv/marital,,,,,,,,,,,,,,
,,context,context,,,,text,,FALSE,,255,,TRUE,,,';;;;;;;;;;;;;;;;;;;;;;;;;;;;;;;;;;;;;;;;;;;;;;;;;;;;;;;;;;;;;;;;;;;;;;;;;;;;;;;;;;;;;;;;;;;;;;;;;;;;;;;;;;;;;;;;;;;;;;;;;;;;;;;;;;;;;;;;;;;;;;;;;;;;;;;;;;;;;;;;;;;;;;;;;;;;;;;;;;;;;;;;;;;;;;;;;;;;;;;;;;;;;;;;;;;;;;;;;;;;;;;;;;;;;;;;;;;;;;;;;;;;;;;;;;;;;;;',,,,,,,,,,,,,,,,,,,,,,,,,,,,
,,jobId,jobTitle,JobTitle,,jobId,object,,,,,,,,,,,,,,,,,,,,,,,@import://login.csv/jobTitle,,,,,,,,,,,,,,
,,root,root,,,,boolean,,FALSE,,,,,,,0,,,,,,,,,,,,,,@import://login.csv/root,,,,,,,,,,,,,,
,,initializationCounter,initializationCounter,,,,integer,,FALSE,,,,,,,1,,,,,,,,,,,,,,@import://login.csv/initializationCounter,,,,,,,,,,,,,,
,,phone,phone,,,,phone,,,, ,,, , ,,,,,,,,,,,,,,,@import://login.csv/phone,,,,,,,,,,,,,,
 ,,email,email,,,,email,,FALSE,TRUE, ,,, , , ,,,,,,,,,,,,,,@import://login.csv/email,,,,,,,,,,,,,,
,,statusId,status ,UserStatus,,statusId,object,,FALSE,,,,,,,1,,,,,,,,,,,,,,@import://login.csv/status,,,,,,,,,,,,,,
,,userType,userType,,,,integer,,FALSE,,,,,,,1,,,,,,,,,,,,,,@import://login.csv/userType,,,,,,,,,,,,,,
,,userRef,userReference,,,,reference,,FALSE,,,,,,,,,,,,,,,,,,,,,@import://login.csv/userReference,,,,,,,,,,,,,,
,,photo,photo,,,,text,,,,64,,,,,,,,,,,,,,,,,,,,,,,,,,,,,,,,,
,,qnSecurity1,firstSecurityQuestion,SecurityQuestion,,questionId,object,,,,,,,,,,,,,,,,,,,,,,,@import://login.csv/firstSecurityQuestion,,,,,,,,,,,,,,
,,ansSecurity1,firstSecurityAnswer,,,,text,,,,32,,,"""^[A-Za-z](\w|\W){1,31}$""","""Must be between 2 and 32 characters, must start with Alphabet""",,,,,,,,,,,,,,,@import://login.csv/firstSecurityAnswer,,,,,,,,,,,,,,
,,qnSecurity2,secondSecurityQuestion,SecurityQuestion,,questionId,object,,,,,,,,,,,,,,,,,,,,,,,@import://login.csv/secondSecurityQuestion,,,,,,,,,,,,,,
,,ansSecurity2,secondSecurityAnswer,,,,text,,,,32,,,"""^[A-Za-z](\w|\W){1,31}$""","""Must be between 2 and 32 characters, must start with Alphabet""",,,,,,,,,,,,,,,@import://login.csv/secondSecurityAnswer,,,,,,,,,,,,,,
,,firstDayOfAWeekId,firstDayOfAWeek,DaysOfAWeek,,dayId,object,,,,,,,,,,,,,,,,,,,,,,,@import://login.csv/firstDayOfAWeek,,,,,,,,,,,,,,
,,randomNumber,randomNumber,,,,text,,,,32,,TRUE,,,,,,,,,,,,,,,,,,,,,,,,,,,,,,,
,,lastLoginTime,lastLoginTime,,,,dateandtime,,,,,,,,,,,,,,,,,,,,,,,,,,,,,,,,,,,,,
MedicalDoctor,_medicalDoctor,doctorId,doctorId,,,,integer,primary,,,,,,,,,,,,,,,,,,,,,,@import://medicaldoctor.csv/doctorId,,,,MedicalDoctor.php://MedicalDoctor.loadAllData,,,__data__,,,,,,,
,,loginId,login,Login,,loginId,object,,0,,,,,,,,,,,,,,,,,,,,,@import://medicaldoctor.csv/login,,,,,,,,,,,,,,
,,specialist,specialist,,,,boolean,,0,,,,,,,0,,,,,,,,,,,,,,@import://medicaldoctor.csv/specialist,,,,,,,,,,,,,,
SystemUser,_systemUser,userId,userId,,,,integer,primary,,,,,,,,,,,,,,,,,,,,,,@import://systemuser.csv/userId,,,,,,,__data__,,,,,,,
,,loginId,login,Login,,loginId,object,,0,,,,,,,,,,,,,,,,,,,,,@import://systemuser.csv/login,,,,,,,,,,,,,,
ApprovalSequenceSchema,_approvalSequenceSchema,schemaId,schemaId,,,,integer,primary,,,,,,,,,,,,,,,,,,,,,,,,,,,,,__data__,,,,,,,
,,schemaName,schemaName,,,,text,value,FALSE,TRUE,48,,,"""^[A-Za-z](\w|\W){1,47}$""","""Must be between 2 and 48 characters, must start with Alphabet""",,,,,,,,,,,,,,,,,,,,,,,,,,,,,
,,operationCode,operationCode,,,,integer,,FALSE,,,,,,,,,,,,,,,,,,,,,,,,,,,,,,,,,,,
,,approvedJobList,approvedJobList,JobTitle,,jobId,list-object,,,,255,,,,,,,,,,,,,,,,,,,,,,,,,,,,,,,,,
,,approvingJobList,approvingJobList,JobTitle,,jobId,list-object,,,,255,,,,,,,,,,,,,,,,,,,,,,,,,,,,,,,,,
,,numberOfValidDays,numberOfValidDays,,,,integer,,FALSE,,,,,,,7,,,,,,,,,,,,,,,,,,,,,,,,,,,,
,,defaultApproveText,defaultApproveText,,,,text,,FALSE,,48,,,,,'Approved By',,,,,,,,,,,,,,,,,,,,,,,,,,,,
ApprovalSequenceData,_approvalSequenceData,dataId,dataId,,,,integer,primary,,,,,,,,,,,,,,,,,,,,,,,,,,,,,__data__,,,,,,,
,,schemaId,schema,ApprovalSequenceSchema,,schemaId,object,,FALSE,,,,,,,,,,,,,,,,,,,,,,,,,,,,,,,,,,,
,,requestedBy,requestedBy,Login,,loginId,object,,FALSE,,,,,,,,,,,,,,,,,,,,,,,,,,,,,,,,,,,
,,nextJobToApprove,nextJobToApprove,JobTitle,,jobId,object,,,,,,,,,,,,,,,,,,,,,,,,,,,,,,,,,,,,,
,,alreadyApprovedList,alreadyApprovedList,Login,,loginId,list-object,,,,255,,,,,,,,,,,,,,,,,,,,,,,,,,,,,,,,,
,,timeOfRegistration,timeOfRegistration,,,,dateandtime,,,,,,,,,,,,,,,,,,,,,,,,,,,,,,,,,,,,,
,,specialInstruction,specialInstruction,,,,text,,,,32,,,,,,,,,,,,,,,,,,,,,,,,,,,,,,,,,
PatientRegistrationType,_patientRegistrationType,typeId,typeId,,,,integer,primary,,,,,,,,,,,,,,,,,,,,,,"{1,2,3}",,,{'PATIENT_TRANSFER_IN':'1'},,,,__data__,,,,,,,
,,typeName,typeName,,,,text,value,FALSE,TRUE,32,,,,,,,,,,,,,,,,,,,"{'Transfer In','Min Registration','Full Registration'}",,,"{'PATIENT_MIN_REGISTRATION':'2','PATIENT_FULL_REGISTRATION':'3'}",,,,,,,,,,,
,,typeCode,typeCode,,,,integer,,FALSE,TRUE,,,,,,,,,,,,,,,,,,,,"{1,2,3}",,,,,,,,,,,,,,
Patient,_patient,patientId,patientId,,,,integer,primary,,,,,,,,,,,,,,,,,,,,,,,,,"{'NEW_VISIT':'1','NEW_CASE':'2'}","Patient.php://Patient.getPatientName,Patient.getCaseStatusScreen,Patient.getTotalBalance,Patient.getBalanceStatusScreen,Patient.getCurrentVisitMedicalDoctor,Patient.hasPendingBalance,Patient.getCurrentVisit",,,__data__,,,,,,,
,,registrationNumber,registrationNumber,,,,text,,FALSE,TRUE,64,,,"""^(\w|\W){2,64}$""","""Must be between 2 and 64characters""",,,,,,,,,,,,,,,,,,"{'MY_PATIENTS': '1', 'ALL_PATIENTS': '2', 'INPATIENT': '3', 'OUTPATIENT': '4'}",Person.php://Person.calculateAge,,,,,,,registrationNumberOnSave,registrationNumberOnDisplay,,
,,registrationType,registrationType,PatientRegistrationType,,typeId,object,,FALSE,,,,,,,,,,,,,,,,,,,,,,,,,,,,,,,,,,,
,,statusId,status ,UserStatus,,statusId,object,,FALSE,,,,,,,1,,,,,,,,,,,,,,,,,,,,,,,,,,,,
,,surname,surname,, ,,text,value,FALSE,,32,,,"""^[A-Za-z](\w|\W){1,31}$""","""Must be between 2 and 32characters, must start with Alphabet""",,TRUE,,,,,,,,,,,,,,,,,,,,,,,,,,,
,,otherNames,otherNames,, ,,text,value,FALSE,,48,,,"""^[A-Za-z](\w|\W){1,47}$""","""Must be between 2 and 48 characters, must start with Alphabet""",,TRUE,,,,,,,,,,,,,,,,,,,,,,,,,,,
,,dob,dob,,,,dateandtime,,,,,,,,,,,,,,,,,,,,,,,,,,,,,,,,,,,,,
,,sexId,sex,Sex, ,sexId,object,,FALSE,,,,,,,,,,,,,,,,,,,,,,,,,,,,,,,,,,,
,,address,address,, ,,text,,FALSE,,64,,,"""(\w|\s){2,64}$""","""Must be between 2 and 64 characters""",,,,,,,,,,,,,,,,,,,,,,,,,,,,,
,,tribe,tribe,, ,,text,,,,32,,,"""^[A-Za-z](\w|\W){1,31}$""","""Must be between 2 and 32 characters, must start with Alphabet""",,,,,,,,,,,,,,,,,,,,,,,,,,,,,
,,religion,religion,Religion,,religionId,object,,,, ,,, , ,,,,,,,,,,,,,,,,,,,,,,,,,,,,,
,,fatherName,fatherName,,,,text,,,,32,,,"""^[A-Za-z](\w|\W){1,31}$""","""Must be between 2 and 32 characters, must start with Alphabet""",,,,,,,,,,,,,,,,,,,,,,,,,,,,,
,,occupation,occupation,Occupation,,occupationId,object,,,, ,,, , ,,,,,,,,,,,,,,,,,,,,,,,,,,,,,
,,tencellLeader ,tencellLeader,,,,text,,,,48,,,"""^[A-Za-z](\w|\W){1,47}$""","""Must be between 2 and 48 characters, must start with Alphabet""",,,,,,,,,,,,,,,,,,,,,,,,,,,,,
,,phone,phone,,,,phone,,,, ,,, , ,,,,,,,,,,,,,,,,,,,,,,,,,,,,,
,,caseId,currentCase, ,, ,integer,,FALSE,,,,,,,0,,,,,,,,,,,,,,,,,,,,,,,,,,,,Point to Current Case
,,doctorId,medicalDoctor,MedicalDoctor,,doctorId,object,, ,,,,,,,,,,,,,,,,,,,,,,,,,,,,,,,,,,,
,,admitted,admitted,,,,boolean,,FALSE,,,,,,,0,,,,,,,,,,,,,,,,,,,,,,,,,,,,
,,admissionReference,admissionReference,,,,reference,,,,,,,,,,,,,,,,,,,,,,,,,,,,,,,1, ,,,,, 
,,bloodGroup,bloodGroup,BloodGroup,,groupId,object,,,,,,,,,,,,,,,,,,,,,,,,,,,,,,,,,,,,,
PatientCaseType,_patientCaseType,typeId,typeId,,,,integer,primary,,,,,,,,,,,,,,,,,,,,,,"{1,2,3}",,,"{'OPEN': '1', 'CLOSED': '2', 'TRANSFERRED_OUT': '3'}",,,,__data__,,,,,,,
,,typeName,typeName,,,,text,value,FALSE,TRUE,32,,,"""^[A-Za-z](\w|\W){1,31}$""","""Must be between 2 and 32 characters, must start with Alphabet""",,,,,,,,,,,,,,,"{'Open','Closed','Transferred Out'}",,,,,,,,,,,,,,
,,typeCode,typeCode,,,,integer,,FALSE,TRUE,,,,,,,,,,,,,,,,,,,,"{1,2,3}",,,,,,,,,,,,,,
PatientMovementStage,_patient_movement_stage,stageId,stageId,,,,integer,primary,,,,,,,,,,,,,,,,,,,,,,"{1,2,3,4,5,6,7,8,9,10,11,12,13,14}",,,"{'NEW_REGISTRATION': '1', 'CONTINUING_VISIT': '2', 'TRIAGE': '3', 'LABORATORY_EXAMINATION': '4', 'MEDICAL_DOCTOR_CONSULTATION': '5', 'PHARMACY': '6', 'SCHEDULED_APPOINTMENT': '7', 'REFERRAL_OUT': '8', 'NURSE_STATION': '9','LOOP_MEDICAL_DOCTOR_CONSULTATION': '10', 'DISEASE_ANALYSIS':'11', 'ADMISSION':'12','CASE_CLOSED':'13','CUSTOM_INVOICE':'14'}",PatientMovementStage.php://PatientMovementStage.updatePatientStageAndQueue,,,__data__,,,,,,,
,,stageName,stageName,,,,text,value,FALSE,TRUE,48,,,,,,,,,,,,,,,,,,,"{'New Registration', 'Continuing Visit', 'Triage', 'Laboratory Examination', 'Consultation', 'Pharmacy', 'Scheduled Appointment', 'Referral for Further Checkup', 'Nurse Station', 'Loop Consultation', 'Disease Analysis','Admission', 'Case Closed', 'Custom Invoice'}",,,,,,,,,,,,,,
,,requirePayment,requirePayment,,,,boolean,,FALSE,,,,,,,1,,,,,,,,,,,,,,"{1,1,0,1,1,1,1,1,1,0,0,1,0,1}",,,,,,,,,,,,,,
HealthInsurance,_healthInsurance,insuranceId,insuranceId,,,,integer,primary,,,,,,,,,,,,,,,,,,,,,,{1},,,,,,,__data__,,,,,,,
,,insuranceName,insuranceName,,,,text,value,0,TRUE,64,,,"""^[A-Za-z](\w|\W){1,63}$""","""Must be between 2 and 64 characters, must start with Alphabet""",,,,,,,,,,,,,,,{'Default Health Insurance Cover'},,,,,,,,,,,,,,
,,code,code,,,,text,value,0,TRUE,16,,,"""^[A-Za-z](\w|\W){1,15}$""","""Must be between 2 and 16 characters, must start with Alphabet""",,,,,,,,,,,,,,,{'DHIC'},,,,,,,,,,,,,,
,,address,address,,,,text,,,,128,,,,,,,,,,,,,,,,,,,{'P.O BOX 0000 DODOMA'},,,,,,,,,,,,,,
,,account_limit,accountLimit,,,,float,,0,,,,,,,0,,,,,,,,,,,,,,,,,,,,,,,,,,,,
,,account_due,accountDue,,,,float,,0,,,,,,,0,,,,,,,,,,,,,,,,,,,,,,,,,,,,
,,account_balance,accountBalance,,,,float,,0,,,,,,,0,,,,,,,,,,,,,,,,,,,,,,,,,,,,
,,claims_submission_path,claimsSubmissionPath,,,,text,,,,500,,,,,,,,,,,,,,,,,,,,,,,,,,,,,,,,,
,,status,status,,,,boolean,,,,,,,,,0,,,,,,,,,,,,,,,,,,,,,,,,,,,,
PatientCase,_patientCase,caseId,caseId,,,,integer,primary,,,,,,,,,,,,,,,,,,,,,,,,,,PatientCase.php://PatientCase.invalidateNextStage,,,__data__,,,,,,,
,,patientId,patient,Patient,,patientId,object,,FALSE,,,,,,,,,,,,,,,,,,,,,,,,,,,,,,,,,,,
,,caseType,caseType,PatientCaseType,,typeId,object,,FALSE,,,,,,,1,,,,,,,,,,,,,,,,,,,,,,,,,,,,
,,appointmentDate,appointmentDate,,,,dateandtime,,,,,,,,,,,,,,,,,,,,,,,,,,,,,,,,,,,,,
,,currentStage,currentStage,PatientMovementStage,,stageId,object,,,,,,,,,,,,,,,,,,,,,,,,,,,,,,,,,,,,,
,,nextStage,nextStage,PatientMovementStage,,stageId,object,,,,,,,,,,,,,,,,,,,,,,,,,,,,,,,,,,,,,
,,insured,insured,,,,boolean,,,,,,,,,0,,,,,,,,,,,,,,,,,,,,,,,,,,,,
,,insuranceId,insurance,HealthInsurance,,insuranceId,object,,,,,,,,,,,,,,,,,,,,,,,,,,,,,,,,,,,,,
,,closed,closed,,,,boolean,,FALSE,,,,,,,0,,,,,,,,,,,,,,,,,,,,,,,,,,,,
,,visitId,currentVisit, ,, ,integer,,FALSE,,,,,,,0,,,,,,,,,,,,,,,,,,,,,,,,,,,,
,,doctorId,medicalDoctor,MedicalDoctor,,doctorId,object,, ,,,,,,,,,,,,,,,,,,,,,,,,,,,,,,,,,,,
PatientVisit,_patientVisit,visitId,visitId,,,,integer,primary,,,,,,,,,,,,,,,,,,,,,,,,,,,,,__data__,,,,,,,
,,caseId,patientCase,PatientCase,,caseId,object,,FALSE,,,,,,,,,,,,,,,,,,,,,,,,,,,,,,,,,,,
,,visitCount,visitCount,,,,integer,value,FALSE,,,,,,,1,,,,,,,,,,,,,,,,,,,,,,,,,,,,
,,insured,insured,,,,boolean,,,,,,,,,0,,,,,,,,,,,,,,,,,,,,,,,,,,,,
,,insuranceId,insurance,HealthInsurance,,insuranceId,object,,,,,,,,,,,,,,,,,,,,,,,,,,,,,,,,,,,,,
,,doctorId,medicalDoctor,MedicalDoctor,,doctorId,object,, ,,,,,,,,,,,,,,,,,,,,,,,,,,,,,,,,,,,
Currency,_currency,currencyId,currencyId,,,,integer,primary,,,,,,,,,,,,,,,,,,,,,,"{1,2,3,4}",,,{'LOCAL_CURRENCY':'1'},,,,__data__,,,,,,,
,,currencyName,currencyName,,,,text,value,FALSE,TRUE,48,,,"""^[A-Za-z](\w|\W){1,47}$""","""Must be between 2 and 48 characters, must start with Alphabet""",,,,,,,,,,,,,,,"{'Tanzania Shilling','United States Dollar', 'British Pound','European Currency'}",,,,,,,,,,,,,,
,,code,code,,,,text,value,FALSE,TRUE,8,,,"""^[A-Za-z](\w|\W){1,7}$""","""Must be between 2 and 8 characters, must start with Alphabet""",,,,,,,,,,,,,,,"{'TZS', 'USD', 'BGP','EURO'}",,,,,,,,,,,,,,
ServiceCategory,_serviceCategory,categoryId,categoryId,,,,integer,primary,,,,,,,,,,,,,,,,,,,,,,"{1,2,3,4,5,6,7,8,9,10,999}",,,"{'REGISTRATION':'1','CONSULTATION':'2','PLAIN_CONVENTION_X_RAY':'3','ULTRA_SOUND':'4','CONTRAST_STUDIES':'5','LABORATORY_EXAMINATION':'6', 'PHARMACEUTICAL': '7', 'NURSE_STATION': '8','OPEN_SURGERY':'9','ENDOSCOPIC_SURGERY':'10','CUSTOM_CATEGORY':'999'}",,,,__data__,,,,,,,
,,categoryName,categoryName,,,,text,value,FALSE,TRUE,64,,,"""^[A-Za-z](\w|\W){1,63}$""","""Must be between 2 and 64 characters, must start with Alphabet""",,,,,,,,,,,,,,,"{'Registration', 'Consultation', 'Plain/Convention X-RAY', 'Ultrasound', 'Contrast Studies', 'Laboratory Examination', 'Pharmaceutical', 'Nurse Station', 'Open Surgery', 'Endoscopic Surgery', 'Custom Category'}",,,,,,,,,,,,,,
Service,_service,serviceId,serviceId,,,,integer,primary,,,,,,,,,,,,,,,,,,,,,,@import://services.csv/serviceId,serviceId,, ,,,,__data__,,,,,,,
,,serviceName,serviceName,,,,text,value,FALSE,TRUE,64,,,"""^[A-Za-z](\w|\W){1,63}$""","""Must be between 2 and 64 characters, must start with Alphabet""",,,,,,,,,,,,,,,@import://services.csv/serviceName,,,,,,,,,,,,,,
,,serviceStatic,serviceStatic,,,,text, ,FALSE,TRUE,64,,,"""^[A-Za-z](\w|\W){1,63}$""","""Must be between 2 and 64 characters, must start with Alphabet""",,,,,,,,,,,,,,,@import://services.csv/serviceStatic,,TRUE,,,,,,,,FALSE,,,,
,,currencyId,currency,Currency,,currencyId,object,,FALSE,,,,,,,,,,,,,,,,,,,,,@import://services.csv/currencyId,,,,,,,,,,,,,,
,,amount,amount,,,,float,,FALSE,,,,,"""^\d{1,9}$""","""Accept Maximum of 9 digits""",0,,,,,,,,,,,,,,@import://services.csv/amount,,,,,,,,,,,,,,
,,categoryId,category,ServiceCategory,,categoryId,object,,FALSE, ,,,,,,,,,,,,,,,,,,,,@import://services.csv/categoryId,,,,,,,,,,,,,,
,,countable,countable,,,,boolean,,FALSE,,,,,,,1,,,,,,,,,,,,,,@import://services.csv/countable,,,,,,,,,,,,,,
ServiceLogSequence,_servicelogsequence,sequenceId,sequenceId,,,,integer,primary,,,,,,,,,,,,,,,,,,,,,,,,,,,,,__data__,,,,,,,
,,bundleCode,bundleCode,,,,bundle-code,,,, ,, ,,,,,,,,,,,,,,,,,,,,,,,,,,,,,,,
,,docRefNumber,documentReferenceNumber,,,,text,,,,32,,,,,,,,,,,,,,,,,,,,,,,,,,,,,,,,,
,,docRef,documentReference,,,,reference,,,,,,,,,,,,,,,,,,,,,,,,,,,,,,,,,,,,,
,,serviceId,service,Service,,serviceId,object,,,,,,,,,,,,,,,,,,,,,,,,,,,,,,,,,,,,,
,,serviceCaption,serviceCaption,,,,text,,,,64,,,,,,,,,,,,,,,,,,,,,,,,,,,,,,,,,
,,serviceRef,serviceReference,,,,reference,,,,,,,,,,,,,,,,,,,,,,,,,,,,,,,,,,,,,
,,typeCaption,typeCaption,,,,text,,,,64,,,,,,,,,,,,,,,,,,,,,,,,,,,,,,,,,
,,typeRef,typeReference,,,,reference,,,,,,,,,,,,,,,,,,,,,,,,,,,,,,,,,,,,,
,,currencyId,currency,Currency,,currencyId,object,,FALSE,,,,,,,,,,,,,,,,,,,,,,,,,,,,,,,,,,,
,,amount,amount,,,,float,,,,,,,,,,,,,,,,,,,,,,,,,,,,,,,,,,,,,
,,unitCost,unitCost,,,,float,,FALSE,,,,,,,,,,,,,,,,,,,,,,,,,,,,,,,,,,,
,,quantity,quantity,,,,integer,,FALSE,,,,,,,1,,,,,,,,,,,,,,,,,,,,,,,,,,,,
,,extraField1,extraField1,,,,text,,,,32,,,,,,,,,,,,,,,,,,,,,,,,,,,,,,,,,
,,extraField2,extraField2,,,,text,,,,32,,,,,,,,,,,,,,,,,,,,,,,,,,,,,,,,,
,,extraField3,extraField3,,,,text,,,,32,,,,,,,,,,,,,,,,,,,,,,,,,,,,,,,,,
,,extraField4,extraField4,,,,text,,,,64,,,,,,,,,,,,,,,,,,,,,,,,,,,,,,,,,
,,extraField5,extraField5,,,,text,,,,64,,,,,,,,,,,,,,,,,,,,,,,,,,,,,,,,,
,,extraField6,extraField6,,,,text,,,,64,,,,,,,,,,,,,,,,,,,,,,,,,,,,,,,,,
,,extraField7,extraField7,,,,text,,,,128,,,,,,,,,,,,,,,,,,,,,,,,,,,,,,,,,
PatientInvoice,_patient_invoice,invoiceId,invoiceId,,,,integer,primary,,,,,,,,,,,,,,,,,,,,,,,,,,"PatientInvoice.php://PatientInvoice.getPaidAmount,PatientInvoice.getUnpaidAmount,PatientInvoice.getPDFPrintOut",,,__data__,,,,,,,
,,stageId,actionStage,PatientMovementStage,,stageId,object,,FALSE,,,,,,,,,,,,,,,,,,,,,,,,,,,,,,,,,,,
,,invoiceNumber,invoiceNumber,,,,text,value,FALSE,TRUE,32,,,,,,,,,,,,,,,,,,,,,,,,,,,,,,,,,
,,currencyId,currency,Currency,,currencyId,object,,FALSE,,,,,,,,,,,,,,,,,,,,,,,,,,,,,,,,,,,
,,discount,discount,,,,float,,FALSE,,,,,,,0,,,,,,,,,,,,,,,,,,,,,,,,,,,,
,,amountBeforeDiscount,amountBeforeDiscount,,,,float,,FALSE,,,,,,,0,,,,,,,,,,,,,,,,,,,,,,,,,,,,
,,amount,amount,,,,float,,FALSE,,,,,,,0,,,,,,,,,,,,,,,,,,,,,,,,,,,,
,,balance,balance,,,,float,,FALSE,,,,,,,0,,,,,,,,,,,,,,,,,,,,,,,,,,,,
,,totalPaid,totalPaid,,,,float,,FALSE,,,,,,,0,,,,,,,,,,,,,,,,,,,,,,,,,,,,
,,insured,insured,,,,boolean,,,,,,,,,0,,,,,,,,,,,,,,,,,,,,,,,,,,,,
,,insuranceId,insurance,HealthInsurance,,insuranceId,object,,,,,,,,,,,,,,,,,,,,,,,,,,,,,,,,,,,,,
,,chargeTo,chargeTo,,,,text,value,,,64,,,"""^[A-Za-z](\w|\W){1,63}$""","""Must be between 2 and 64 characters, must start with Alphabet""",,,,,,,,,,,,,,,,,,,,,,,,,,,,,
,,bundleCode,bundleCode,,,,bundle-code,,,, ,, ,,,,,,,,,,,,,,,,,,,,,,,,,,,,,,,
,,trackMonitor,trackMonitor,,,,text,,,,32,,,,,,,,,,,,,,,,,,,,,,,,,,,,,,,,,
,,monitorReference,monitorReference,,,,reference,,,,,,,,,,,,,,,,,,,,,,,,,,,,,,,,,,,,,
,,listOfLogSequence,listOfLogSequence,ServiceLogSequence,,sequenceId,list-object,,,,255,,,,,,,,,,,,,,,,,,,,,,,,,,,,,,,,,
,,visitId,visit,PatientVisit,,visitId,object,,FALSE,,,,,,,,,,,,,,,,,,,,,,,,,,,,,,,,,,,
,,caseId,patientCase,PatientCase,,caseId,object,,FALSE,,,,,,,,,,,,,,,,,,,,,,,,,,,,,,,,,,,
,,patientId,patient,Patient,,patientId,object,,FALSE,,,,,,,,,,,,,,,,,,,,,,,,,,,,,,,,,,,
,,preparedBy,preparedBy,Login,,loginId,object,,FALSE,,,,,,,,,,,,,,,,,,,,,,,,,,,,,,,,,,,
,,preparedByCaption,preparedByCaption,,,,text,,FALSE,,,,,,,,,,,,,,,,,,,,,,,,,,,,,,,,,,,
,,updateApproval,updateApproval,ApprovalSequenceData,,dataId,object,,,,,,,,,,,,,,,,,,,,,,,,,,,,,,,,,,,,,
,,custom,custom,,,,boolean,,FALSE,,,,,,,0,,,,,,,,,,,,,,,,,,,,,,,,,,,,
,,closed,closed,,,,boolean,,FALSE,,,,,,,0,,,,,,,,,,,,,,,,,,,,,,,,,,,,
PatientReceipt,_patient_receipt,receiptId,receiptId,,,,integer,primary,,,,,,,,,,,,,,,,,,,,,,,,,,PatientReceipt.php://PatientReceipt.getPDFPrintOut,,,__data__,,,,,,,
,,receiptNumber,receiptNumber,,,,text,value,FALSE,TRUE,32,,,,,,,,,,,,,,,,,,,,,,,,,,,,,,,,,
,,preparedBy,preparedBy,Login,,loginId,object,,FALSE,, ,,,,,,,,,,,,,,,,,,,,,,,,,,,,,,,,,
,,invoiceId,invoice,PatientInvoice,,invoiceId,object,,FALSE,,,,,,,,,,,,,,,,,,,,,,,,,,,,,,,,,,,
,,amount,amount,,,,float,,FALSE,,,,,,,0,,,,,,,,,,,,,,,,,,,,,,,,,,,,
,,payerName,payerName,,,,text,value,,,64,,,"""^[A-Za-z](\w|\W){1,63}$""","""Must be between 2 and 64 characters, must start with Alphabet""",,,,,,,,,,,,,,,,,,,,,,,,,,,,,
,,payerPhone,payerPhone,,,,phone,,,, ,,, , ,,,,,,,,,,,,,,,,,,,,,,,,,,,,,
PatientLog,_patientLog,logId,logId,,,,integer,primary,,,,,,,,,,,,,,,,,,,,,,,,,,,,,__data__,,,,,,,
,,attendedBy,attendedBy,,,,text,,FALSE,,56,,,,,,,,,,,,,,,,,,,,,,,,,,,,,,,,,
,,visitId,visit,PatientVisit,,visitId,object,,FALSE,,,,,,,,,,,,,,,,,,,,,,,,,,,,,,,,,,,
,,caseId,patientCase,PatientCase,,caseId,object,,FALSE,,,,,,,,,,,,,,,,,,,,,,,,,,,,,,,,,,,
,,patientId,patient,Patient,,patientId,object,,FALSE,,,,,,,,,,,,,,,,,,,,,,,,,,,,,,,,,,,
,,visitRef,patientVisitReference, ,,,reference,,FALSE,,,,,,,,,,,,,,,,,,,,,,,,,,,,,,,,,,,
,,actionStage,actionStage,PatientMovementStage,,stageId,object,,FALSE,,,,,,,,,,,,,,,,,,,,,,,,,,,,,,,,,,,
,,patientName,patientName,,,,text,,FALSE,,80,,,,,,,,,,,,,,,,,,,,,,,,,,,,,,,,,
,,caption,caption,,,,text,,FALSE,,255,,,,,,,,,,,,,,,,,,,,,,,,,,,,,,,,,
FinancialLogCategory,_financialLogCategory,categoryId,categoryId,,,,integer,primary,,,,,,,,,,,,,,,,,,,,,,"{1,2}",,,"{'RECEIPT': '1', 'REFUND': '2'}",,,,__data__,,,,,,,
,,categoryName,categoryName,,,,text,value,FALSE,TRUE,32,,,"""^[A-Za-z](\w|\W){1,31}$""","""Must be between 2 and 32 characters, must start with Alphabet""",,,,,,,,,,,,,,,"{'Receipt Issued', 'Refund Processed'}",,,,,,,,,,,,,,
FinancialLog,_financialLog,logId,logId,,,,integer,primary,,,,,,,,,,,,,,,,,,,,,,,,,,FinancialLog.php://FinancialLog.createLog,,,__data__,,,,,,,
,,categoryId,category,FinancialLogCategory,,categoryId,object,,FALSE,,,,,,,,,,,,,,,,,,,,,,,,,,,,,,,,,,,
,,username,username,,,,text,,FALSE,,56,,,,,,,,,,,,,,,,,,,,,,,,,,,,,,,,,
,,target,target,,,,text,, ,,64,,,,,,,,,,,,,,,,,,,,,,,,,,,,,,,,,
,,caption,caption,,,,text,,,,80,,,,,,,,,,,,,,,,,,,,,,,,,,,,,,,,,
,,credit,credit,,,,boolean,,,,,,,,,1,,,,,,,,,,,,,,,,,,,,,,,,,,,,
,,currencyId,currency,Currency,,currencyId,object,,FALSE,,,,,,,,,,,,,,,,,,,,,,,,,,,,,,,,,,,
,,amount,amount,,,,float,,FALSE,,,,,,,0,,,,,,,,,,,,,,,,,,,,,,,,,,,,
,,remainingAmount,remainingAmount,,,,float,,FALSE,,,,,,,0,,,,,,,,,,,,,,,,,,,,,,,,,,,,
Hospital,_hospital,hospitalId,hospitalId,,,,integer,primary,,,,,,,,,,,,,,,,,,,,,,{1},,,{'INIT_ID':'1'},,,,__data__,,,,,,,
,,registrationNumberWidth,registrationNumberWidth,,,,integer,,FALSE,,,,,,,6,,,,,,,,,,,,,,{6},,,,,,,,,,,,,,
,,nextRegistrationNumber,nextRegistrationNumber,,,,integer,,FALSE,,,,,,,1,,,,,,,,,,,,,,{1},,,,,,,,,,,,,,
,,registrationNumberBlockWidth,registrationNumberBlockWidth,,,,integer,,FALSE,,,,,,,2,,,,,,,,,,,,,,{2},,,,,,,,,,,,,,
,,registrationNumberBlockSeparatorCharacter,registrationNumberBlockSeparatorCharacter,,,,text,,FALSE,,1,,TRUE,,,'-',,,,,,,,,,,,,,{'-'},,,,,,,,,,,,,,
,,tempRegistrationNumberWidth,temporaryRegistrationNumberWidth,,,,integer,,FALSE,,,,,,,4,,,,,,,,,,,,,,{4},,,,,,,,,,,,,,
,,tempNextRegistrationNumber,temporaryNextRegistrationNumber,,,,integer,,FALSE,,,,,,,1,,,,,,,,,,,,,,{1},,,,Hospital.php://Hospital.generateRegistrationNumber,,,,,,,,,,
,,tempRegistrationNumberPrefix,temporaryRegistrationNumberPrefix,,,,text,,FALSE,,32,,,,,'MBW/PAT/',,,,,,,,,,,,,,{'MBW/PAT/'},,,,,,,,,,,,,,
,,invoiceNumberWidth,invoiceNumberWidth,,,,integer,,FALSE,,,,,,,4,,,,,,,,,,,,,,{4},,,,,,,,,,,,,,
,,nextInvoiceNumber,nextInvoiceNumber,,,,integer,,FALSE,,,,,,,1,,,,,,,,,,,,,,{1},,,,Hospital.php://Hospital.generateInvoiceNumber,,,,,,,,,,
,,invoiceNumberPrefix,invoiceNumberPrefix,,,,text,,FALSE,,32,,,,,'MBW/INV/',,,,,,,,,,,,,,{'MBW/INV/'},,,,,,,,,,,,,,
,,receiptNumberWidth,receiptNumberWidth,,,,integer,,FALSE,,,,,,,4,,,,,,,,,,,,,,{4},,,,,,,,,,,,,,
,,nextReceiptNumber,nextReceiptNumber,,,,integer,,FALSE,,,,,,,1,,,,,,,,,,,,,,{1},,,,Hospital.php://Hospital.generateReceiptNumber,,,,,,,,,,
,,receiptNumberPrefix,receiptNumberPrefix,,,,text,,FALSE,,32,,,,,'MBW/RCT/',,,,,,,,,,,,,,{'MBW/RCT/'},,,,,,,,,,,,,,
,,lockStatic,lockStatic,,,,boolean,,FALSE,TRUE,,,,,,1,FALSE,,,,,,,,,,,,,{1},,,,,,,,,,,,,,
NotificationCategory,_notificationCategory,categoryId,categoryId,,,,integer,primary,,,,,,,,,,,,,,,,,,,,,,"{1,2,3,4,5}",,,"{'INVOICE_RAISED':'1','INVOICE_CANCELLED':'2','RECEIPT_ISSUED':'3','APPOINTMENT_DUE':'4', 'EMERGENCY': '5'}",,,,__data__,,,,,,,
,,categoryName,categoryName,,,,text,value,FALSE,TRUE,32,,,,,,,,,,,,,,,,,,,"{'Invoice Raised', 'Invoice Cancelled', 'Receipt Issued','Appointment Due', 'Emergency'}",,,,,,,,,,,,,,
,,icons,icons,,,,text,,,,64,,,,,,,,,,,,,,,,,,,,,,,,,,,,,,,,,
,,priority,priority,,,,integer,,FALSE,,,,,,,3,,,,,,,,,,,,,,"{3,3,3,3,7}",,,"{'PRIORITY_LOW':'0','PRIORITY_MEDIUM':'3','PRIORITY_HIGH':'7'}",,,,,,,,,,,
Notification,_notification,notificationId,notificationId,,,,integer,primary,,,,,,,,,,,,,,,,,,,,,,,,,,Notification.php://Notification.createNotification,,,__data__,,,,,,,
,,caption,caption,,,,text,value,FALSE,,64,,,,,,,,,,,,,,,,,,,,,,,,,,,,,,,,,
,,targetRef,targetReference,,,,reference,, ,,,,,,,,,,,,,,,,,,,,,,,,,,,,,,,,,,,Who is being Notified Login/JobTitle/Group
,,numberOfValidDays,numberOfValidDays,,,,integer,,FALSE,,,,,,,30,,,,,,,,,,,,,,,,,,,,,,,,,,,,
,,categoryId,category,NotificationCategory,,categoryId,object,,FALSE,,,,,,,,,,,,,,,,,,,,,,,,,,,,,,,,,,,
,,forwardURL,forwardURL,,,,text,,,,128,,,,,,,,,,,,,,,,,,,,,,,,,,,,,,,,,
,,closed,closed,,,,boolean,,FALSE,,,,,,,0,,,,,,,,,,,,,,,,,,,,,,,,,,,,
NotificationManager,_notificationManager,managerId,managerId,,,,integer,primary,,,,,,,,,,,,,,,,,,,,,,,,,,NotificationManager.php://NotificationManager.getListOfNotificationManagers,,,__data__,,,,,,,
,,managerName,managerName,,,,text,value,FALSE,,64,,,"""^[A-Za-z](\w|\W){1,63}$""","""Must be between 2 and 64 characters, must start with Alphabet""",,,,,,,,,,,,,,,,,,,,,,,,,,,,,
,,opname,operationName,,,,text,,FALSE,,56,,,,,,,,,,,,,,,,,,,,,,,,,,,,,,,,,
,,targetRef,targetReference,,,,reference,, ,,,,,,,,,,,,,,,,,,,,,,,,,,,,,,,,,,,Who is being invoiced?
,,categoryId,category,NotificationCategory,,categoryId,object,,FALSE,,,,,,,,,,,,,,,,,,,,,,,,,,,,,,,,,,,
,,numberOfValidDays,numberOfValidDays,,,,integer,,FALSE,,,,,,,100,,,,,,,,,,,,,,,,,,,,,,,,,,,,
,,forwardURL,forwardURL,,,,text,,,,128,,,,,,,,,,,,,,,,,,,,,,,,,,,,,,,,,
,,URLArgs,URLArguments,,,,text,,,,128,,,,,,,,,,,,,,,,,,,,,,,,,,,,,,,,,
Documents,__documents__,documentId,documentId,,,,integer,primary,,,,,,,,,,,,,,,,,,,,,,,,,"{'PDF_INVOICE': '1', 'PDF_RECEIPT':'2', 'PATIENT_HISTORY':'3', 'GENERAL_EXAMINATION':'4', 'VITAL_SIGNS':'5', 'LOCAL_EXAMINATION': '6', 'SYSTEMIC_EXAMINATION':'7', 'PROVISION_DIAGNOSIS':'8', 'LABORATORY_EXAMINATION':'9', 'WORKING_DIAGNOSIS':'10', 'DRUG_SELECTION':'11', 'ADMISSION_AND_OPERATION':'12', 'COMMENTS':'13', 'MEDICAL_CONSULTATION_QUEUE':'14'}",,FALSE,,__data__,,,,,,,
__bundle_visit_case_patient__,__bundle_visit_case_patient__,bvcpId,bvcpId,,,,integer,primary,,,,,,,,,,,,,,,,,,,,,,,,,,,FALSE,,__data__,FALSE,,,,,,
,,visitId,visit,PatientVisit,,visitId,object,,0,,,,,,,,,,,,,,,,,,,,,,,,,,,,,TRUE,1,,,,,BVCP Inherit
,,caseId,patientCase,PatientCase,,caseId,object,,0,,,,,,,,,,,,,,,,,,,,,,,,,,,,,TRUE,1,,,,,BVCP Inherit
,,patientId,patient,Patient,,patientId,object,,0,,,,,,,,,,,,,,,,,,,,,,,,,,,,,TRUE,1,,,,,BVCP Inherit
,,bundleCode,bundleCode,,,,bundle-code,,,, ,, ,,,,,,,,,,,,,,,,,,,,,,,,,TRUE,31,,,,,BVCP Inherit
GeneralQueue,__general_queue__,queueId,queueId,,,,integer,primary,,,,,,,,,,,,,,,,,,,,,,,,,,,FALSE,,__bundle_visit_case_patient__,TRUE,0,,,,,Queue Inherit
,,queueName,queueName,,,,text,value,FALSE,,64,,,,,'Queue Defaults',,,,,,,,,,,,,,,,,,,,,,TRUE,1,,,,,Queue Inherit
,,pendingPayment,pendingPayment,,,,boolean,,FALSE,,,,,,,0,,,,,,,,,,,,,,,,,,,,,,TRUE,32,,,,,Queue Inherit
,,firstFilter,firstFilter,,,,filter,,,,,,,,,,0,,,,,,,,,,,,,,,,,,,,,TRUE,401,,,,,Queue Inherit
,,secondFilter,secondFilter,,,,filter,,,,,,,,,,0,,,,,,,,,,,,,,,,,,,,,TRUE,402,,,,,Queue Inherit
,,thirdFilter,thirdFilter,,,,filter,,,,,,,,,,0,,,,,,,,,,,,,,,,,,,,,TRUE,403,,,,,Queue Inherit
,,fourthFilter,fourthFilter,,,,filter,,,,,,,,,,0,,,,,,,,,,,,,,,,,,,,,TRUE,404,,,,,Queue Inherit
,,fifthFilter,fifthFilter,,,,filter,,,,,,,,,,0,,,,,,,,,,,,,,,,,,,,,TRUE,405,,,,,Queue Inherit
,,sixthFilter,sixthFilter,,,,filter,,,,,,,,,,FALSE,,,,,,,,,,,,,,,,,,,,,TRUE,406,,,,,Queue Inherit
,,seventhFilter,seventhFilter,,,,filter,,,,,,,,,,0,,,,,,,,,,,,,,,,,,,,,TRUE,407,,,,,Queue Inherit
,,completed,completed,,,,boolean,,FALSE,,,,,,,0,,,,,,,,,,,,,,,,,,,,,,TRUE,33,,,,,Queue Inherit
PatientFinanceQueue,_patient_finance_queue,listOfServices,listOfServices,Service,,serviceId,list-object,,FALSE,,,,,,,,,,,,,,,,,,,,,,,,,,,,GeneralQueue,,2,,,,,
,,stageId,actionStage,PatientMovementStage,,stageId,object,,FALSE,,,,,,,,,,,,,,,,,,,,,,,,,,,,,,,,,,,
,,quantityString,quantityString,,,,text,,,,255,,,,,,,,,,,,,,,,,,,,,,,,,,,,,,,,,serviceId:quantity(;serviceId:quantity)*
,,trackMonitor,trackMonitor,,,,text,,,,32,,,,,,,,,,,,,,,,,,,,,,,,,,,,,,,,,
,,monitorReference,monitorReference,,,,reference,,,,,,,,,,,,,,,,,,,,,,,,,,,,,,,,,,,,,
ConsultationQueueManager,_consultation_queue_manager,managerId,managerId,,,,integer,primary,,,,,,,,,,,,,,,,,,,,,,,,,,,,,__bundle_visit_case_patient__,,,,,,,
,,managerName,managerName,,,,text,value,FALSE,,64,,,,,'Default Manager',,,,,,,,,,,,,,,,,,,,,,,,,,,,
MedicalDoctorConsultationQueue,_medical_doctor_consultation_queue,doctorId,medicalDoctor,MedicalDoctor,,doctorId,object,,FALSE,,,,,,,,,,,,,,,,,,,,,,,,"{'TAB_HISTORY':'1','TAB_VITAL_SIGNS':'2','TAB_MEDICAL_EXAMINATION':'3','TAB_DISEASE_ANALYSIS':'4','TAB_DRUGS_MANAGEMENT':'5','TAB_ADMISSION':'6','TAB_NURSE_STATION': '7','TAB_CONSULTANT_COMMENTS':'8', 'TAB_CASE_MANAGEMENT':'9'}","MedicalDoctorConsultationQueue.php://MedicalDoctorConsultationQueue.getConsultationQueuesForManager,MedicalDoctorConsultationQueue.getConsultationQueueForAccount,MedicalDoctorConsultationQueue.canCreateNewConsultationQueue,MedicalDoctorConsultationQueue.getPDFTabularSummary",,,GeneralQueue,,2,,,,,
,,onMedicalExamination,onMedicalExamination,,,,boolean,,FALSE,,,,,,,0,,,,,,,,,,,,,,,,,"{'FLAG_LABORATORY_EXAMINATION_PENDING_PAYMENT': '1', 'FLAG_PHARMACY_PENDING_PAYMENT': '2', 'FLAG_ADMISSION_PENDING_PAYMENT': '3', 'FLAG_NURSE_STATION_PENDING_PAYMENT': '4'}",,,,,,51,,,,,
,,onPharmacy,onPharmacy,,,,boolean,,FALSE,,,,,,,0,,,,,,,,,,,,,,,,,"{'BLOCK_PATIENT_HISTORY':'1','BLOCK_GENERAL_EXAMINATION':'2','BLOCK_VITAL_SIGNS':'3', 'BLOCK_LOCAL_EXAMINATION':'4', 'BLOCK_SYSTEMIC_EXAMINATION':'5', 'BLOCK_PROVISION_DIAGNOSIS':'6','BLOCK_DIFFERENTIAL_DIAGNOSIS':'7','BLOCK_INVESTIGATION':'8', 'BLOCK_WORKING_DIAGNOSIS':'9', 'BLOCK_MANAGEMENT_PLAN':'10', 'BLOCK_ADDITION_COMMENT':'11', 'BLOCK_CASE_MANAGEMENT':'12'}",,,,,,52,,,,,
,,onAdmission,onAdmission,,,,boolean,,FALSE,,,,,,,0,,,,,,,,,,,,,,,,,,,,,,,53,,,,,
,,onExaminationResultsVerification,onExaminationResultsVerification,,,,boolean,,FALSE,,,,,,,0,,,,,,,,,,,,,,,,,,,,,,,,,,,,
,,onNurseStation,onNurseStation,,,,boolean,,FALSE,,,,,,,0,,,,,,,,,,,,,,,,,,,,,,,,,,,,
,,medicalExaminationFilter,medicalExaminationFilter,,,,filter,,,,,,,,,,,,,,,,,,,,,,,,,,,,,,,,,,,,,
,,consultantCommentsFilter,consultantCommentsFilter,,,,filter,,,,,,,,,,,,,,,,,,,,,,,,,,,,,,,,,,,,,
,,diseaseAnalysisFilter,diseaseAnalysisFilter,,,,filter,,,,,,,,,,,,,,,,,,,,,,,,,,,,,,,,,,,,,
,,drugsManagementFilter,drugsManagementFilter,,,,filter,,,,,,,,,,,,,,,,,,,,,,,,,,,,,,,,,,,,,
,,admissionFilter,admissionFilter,,,,filter,,,,,,,,,,,,,,,,,,,,,,,,,,,,,,,,,,,,,
,,nurseStationFilter,nurseStationFilter,,,,filter,,,,,,,,,,,,,,,,,,,,,,,,,,,,,,,,,,,,,
,,caseManagementFilter,caseManagementFilter,,,,filter,,,,,,,,,,,,,,,,,,,,,,,,,,,,,,,,,,,,,
,,queueManager,queueManager,ConsultationQueueManager,,managerId,object,,FALSE,,,,,,,,,,,,,,,,,,,,,,,,,,,,,,,,,,,
,,attendedBy,attendedBy,Login,,loginId,object,,FALSE,,,,,,,,,,,,,,,,,,,,,,,,,,,,,,,,,,,
,,attended,attended,,,,boolean,,FALSE,,,,,,,0,,,,,,,,,,,,,,,,,,,,,,,,,,,,
,,active,active,,,,boolean,,FALSE,,,,,,,1,,,,,,,,,,,,,,,,,,,,,,,,,,,,
,,commentId,medicalComment,MedicalComment,,commentId,object,,,,,,,,,,,,,,,,,,,,,,,,,,,,,,,,,,,,,
,,applicationCounter,applicationCounter,,,,integer,,FALSE,,,,,,,0,,,,,,,,,,,,,,,,,,,,,,,,,,,,
PatientExaminationQueue,_patient_examination_queue,listOfServices,listOfServices,Service,,serviceId,list-object,,FALSE,,,,,,,,,,,,,,,,,,,,,,,,"{'WET_LAB':'1','ULTRASOUND':'2','PLAIN_XRAY':'3'}","PatientExaminationQueue.php://PatientExaminationQueue.isQueueCompleted,PatientExaminationQueue.getExaminationQueuesForMedicalConsultationQueue,PatientExaminationQueue.getPDFTabularSummary",,,GeneralQueue,,2,,,,,
,,listOfAttendedServices,listOfAttendedServices,Service,,serviceId,list-object,,,,,,,,,,,,,,,,,,,,,,,,,,,GeneralMedicalWorkingBlock.php://GeneralMedicalWorkingBlock.getWorkingBlockForConsultationQueue,,,,,2,,,,,
,,requestedBy,requestedBy,Login,,loginId,object,,FALSE,,,,,,,,,,,,,,,,,,,,,,,,,,,,,,,,,,,
,,consultationQueue,consultationQueue,MedicalDoctorConsultationQueue,,queueId,object,, ,,,,,,,,,,,,,,,,,,,,,,,,,,,,,,,,,,,
GeneralNotifyPatientExaminationQueue,_general_notify_patient_examination_queue,queueId,queueId,,,,integer,primary,,,,,,,,,,,,,,,,,,,,,,,,,,,FALSE,,__data__,TRUE,0,,,,,Notify Inherited
,,examinationQueueId,examinationQueue,PatientExaminationQueue,,queueId,object,,FALSE,,,,,,,,,,,,,,,,,,,,,,,,,,,,,TRUE,1,,,,,Notify Inherited
,,serviceId,service,Service,,serviceId,object,,FALSE,,,,,,,,,,,,,,,,,,,,,,,,,,,,,TRUE,1,,,,,Notify Inherited
QueueNotifyWetLab,_queue_notify_wet_lab,flags,flags,,,,integer,,FALSE,,,,,,,0,,,,,,,,,,,,,,,,,,,,,GeneralNotifyPatientExaminationQueue,,1023,,,,,
QueueNotifyUltrasound,_queue_notify_ultrasound,flags,flags,,,,integer,,FALSE,,,,,,,0,,,,,,,,,,,,,,,,,,,,,GeneralNotifyPatientExaminationQueue,,1023,,,,,
QueueNotifyPlainXRAY,_queue_notify_plain_xray,flags,flags,,,,integer,,FALSE,,,,,,,0,,,,,,,,,,,,,,,,,,,,,GeneralNotifyPatientExaminationQueue,,1023,,,,,
Triage,_triage,triageId,triageId,,,,integer,primary,,,,,,,,,,,,,,,,,,,,,,,,,"{'BMI_UNDERWEIGHT':'1','BMI_HEALTHIER':'2','BMI_OVERWEIGHT':'3','BMI_OBESITY':'4'}","Triage.php://Triage.calculate_bmi,Triage.get_bmi_status,Triage.getMyVitalSignsTable,Triage.get_bp_status,Triage.get_bp_row,Triage.get_bmi_row,Triage.getTriageForVisit,Triage.getMyStatusTable,Triage.get_bp_color,Triage.decode_bp_status,Triage.get_bmi_color,Triage.decode_bmi_status,Triage.getTriageForPatient",,,__bundle_visit_case_patient__,,,,,,,
,,attendedBy,attendedBy,Login,,loginId,object,,FALSE,,,,,,,,,,,,,,,,,,,,,,,,"{'BMI_UNDERWEIGHT_COLOR':'__@_quote_@__bg-warning__@_quote_@__','BMI_HEALTHIER_COLOR':'__@_quote_@__bg-primary__@_quote_@__','BMI_OVERWEIGHT_COLOR':'__@_quote_@__bg-warning__@_quote_@__','BMI_OBESITY_COLOR':'__@_quote_@__bg-danger__@_quote_@__'}",Triage.php://Triage.getTriageForConsultationQueue,,,,,,,,,,
,,weight,weight,,,,weight,,FALSE,,,,,,,-77,,,,,,,,,,,,,,,,,"{'BP_NORMAL_COLOR': '__@_quote_@__bg-primary__@_quote_@__', 'BP_ELEVATED_COLOR': '__@_quote_@__bg-success__@_quote_@__', 'BP_HYPERTENSION_STAGE_1_COLOR': '__@_quote_@__bg-warning__@_quote_@__', 'BP_HYPERTENSION_STAGE_2_COLOR':'__@_quote_@__bg-dark__@_quote_@__', 'BP_HYPERTENSIVE_CRISIS_COLOR': '__@_quote_@__bg-danger__@_quote_@__'}",,,,,,,,,,,kg
,,height,height,,,,height,,FALSE,,,,,,,-77,,,,,,,,,,,,,,,,,"{'BP_NORMAL': '1', 'BP_ELEVATED': '2', 'BP_HYPERTENSION_STAGE_1': '3', 'BP_HYPERTENSION_STAGE_2':'4', 'BP_HYPERTENSIVE_CRISIS': '5'}",,,,,,,,,,,cm
,,bmi,bmi,,,,float,,FALSE,,,,,,,-77,,,,,,,,,,,,,,,,,"{'DEFAULT_NUMBER_VALUE':'-77', 'DEFAULT_BP_VALUE':'__@_quote_@__-68/-69__@_quote_@__'}",,,,,,,,,,,
,,bmi_status,bmiStatus,,,,integer,,FALSE,,,,,,,-77,,,,,,,,,,,,,,,,,,,,,,,,,,,,
,,bmi_color,bmiColor,,,,text,,FALSE,,32,,,,,-77,,,,,,,,,,,,,,,,,,,,,,,,,,,,
,,temperature,temperature,,,,temperature,,FALSE,,,,,,,-77,,,,,,,,,,,,,,,,,,,,,,,,,,,,
,,bp_systolic,systolicBloodPressure,,,,float,,FALSE,,,,,,,-68,,,"{'pname':'dystolicBloodPressure','op':'>','negate':false,'error-message':'Systolic Blood Pressure should be higher than Dystolic Blood Pressure'}",,,,,,,,,,,,,,,,,,,,,,,,,mmHg : Upper Number
,,bp_dystolic,dystolicBloodPressure,,,,float,,FALSE,,,,,,,-69,,,,,,,,,,,,,,,,,,,,,,,,,,,,mmHg : Lower Number
,,bp,bloodPressure,,,,blood-pressure,,FALSE,,16,,,,,'-68/-69',,,,,,,,,,,,,,,,,,,,,,,,,,,,
,,bp_status,bloodPressureStatus,,,,integer,,FALSE,,,,,,,-77,,,,,,,,,,,,,,,,,,,,,,,,,,,,
,,bp_color,bloodPressureColor,,,,text,,FALSE,,32,,,,,-77,,,,,,,,,,,,,,,,,,,,,,,,,,,,
,,pulseRate,pulseRate,,,,pulse-rate,,FALSE,,,,,,,-77,,,,,,,,,,,,,,,,,,,,,,,,,,,,
,,respirationRate,respirationRate,,,,respiration-rate,,,,,,,,,-77,,,,,,,,,,,,,,,,,,,,,,,,,,,,
,,oxygenLevel,oxygenLevel,,,,oxygen-saturation,,,,,,,,,-77,,,,,,,,,,,,,,,,,,,,,,,,,,,,
PatientTriageQueue,_patient_triage_queue,flags,flags,,,,flags,,,,,,,,,,,,,,,,,,,,,,,,,,,"PatientTriageQueue.php://PatientTriageQueue.isThereAnyPendingQueueForPatient,PatientTriageQueue.isThereAnyPendingQueue",,,GeneralQueue,,999,,,,, 
AgeCategory,_age_category,categoryId,categoryId,,,,integer,primary,,,,,,,,,,,,,,,,,,,,,,"{1,2,3}",,,,AgeCategory.php://AgeCategory.getAgeCategory,,,__data__,,,,,,,
,,categoryName,categoryName,,,,text,value,0,TRUE,,,,,,,,,,,,,,,,,,,,"{'New Born', 'Child', 'Adolescent'}",,,,,,,,,,,,,,
,,minAge,minimumAge,,,,integer,,0,,,,,,,0,,,,,,,,,,,,,,"{0,1,3}",,,,,,,,,,,,,,
,,maxAge,maximumAge,,,,integer,,0,,,,,,,0,,,,,,,,,,,,,,"{1,3,8}",,,,,,,,,,,,,,
PatientExaminationStandards,_patient_examination_standards,stdId,standardId,,,,integer,primary,,,,,,,,,,,,,,,,,,,,,,@import://standards_lab_results.csv/standardId,,,,"PatientExaminationStandards.php://PatientExaminationStandards.getListOfStandards,PatientExaminationStandards.getUIControls,PatientExaminationStandards.getUIForm,PatientExaminationStandards.isValueSafe",,,__data__,,,,,,,
,,serviceId,service,Service,,serviceId,object,,0,,,,,,,,,,,,,,,,,,,,,@import://standards_lab_results.csv/service,,,,,,,,,,,,,,
,,serviceName,serviceName,,,,text,value,0,,64,,,,,,,,,,,,,,,,,,,@import://standards_lab_results.csv/serviceName,,,,,,,,,,,,,,
,,typeOfValue,typeOfValue,,,,text,,0,,16,,,,,,,,,,,,,,,,,,,@import://standards_lab_results.csv/typeOfValue,,,,,,,,,,,,,,
,,enum,enumerated,,,,boolean,,0,,,,,,,0,,,,,,,,,,,,,,@import://standards_lab_results.csv/enumerated,,,,,,,,,,,,,,
,,measurementUnit,unitOfMeasurement,,,,text,,,,16,,,,,,,,,,,,,,,,,,,@import://standards_lab_results.csv/unitOfMeasurement,,,,,,,,,,,,,,
,,minSafeValue,minimumSafeValue,,,,text,,,,32,,,,,,,,,,,,,,,,,,,@import://standards_lab_results.csv/minimumSafeValue,,,,,,,,,,,,,,
,,maxSafeValue,maximumSafeValue,,,,text,,,,32,,,,,,,,,,,,,,,,,,,@import://standards_lab_results.csv/maximumSafeValue,,,,,,,,,,,,,,
,,enumList,listOfEnumeratedValues,,,,text,,,,255,,,,,,,,,,,,,,,,,,,@import://standards_lab_results.csv/listOfEnumeratedValues,,,,,,,,,,,,,,
,,safeEnumValue,safeEnumeratedValue,,,,text,,,,32,,,,,,,,,,,,,,,,,,,@import://standards_lab_results.csv/safeValue,,,,,,,,,,,,,,
,,testName,nameOfTest,,,,text,,,,64,,,,,,,,,,,,,,,,,,,@import://standards_lab_results.csv/nameOfTest,,,,,,,,,,,,,,
,,sexId,sex,Sex,,sexId,object,,,,,,,,,,,,,,,,,,,,,,,@import://standards_lab_results.csv/sex,,,,,,,,,,,,,,
,,ageCategory,ageCategory,AgeCategory,,categoryId,object,,,,,,,,,,,,,,,,,,,,,,,@import://standards_lab_results.csv/ageCategory,,,,,,,,,,,,,,
,,priority,priority,,,,integer,,FALSE,,,,,,,0,,,,,,,,,,,,,,@import://standards_lab_results.csv/priority,,,,,,,,,,,,,,
PatientExaminationResults,_patient_examination_results,resultsId,resultsId,,,,integer,primary,,,,,,,,,,,,,,,,,,,,,,,,,,"PatientExaminationResults.php://PatientExaminationResults.getListOfResultsForExaminationQueue,PatientExaminationResults.getResultsUIForExaminationQueue,PatientExaminationResults.getListOfResultsForService,PatientExaminationResults.getListOfApprovedResultsForService",,,__data__,,,,,,,
,,queueId,examinationQueue,PatientExaminationQueue,,queueId,object,,FALSE,,,,,,,,,,,,,,,,,,,,,,,,,,,,,,,,,,,
,,standardId,examinationStandard,PatientExaminationStandards,,standardId,object,,FALSE,,,,,,,,,,,,,,,,,,,,,,,,,,,,,,,,,,,
,,serviceId,service,Service,,serviceId,object,,FALSE,,,,,,,,,,,,,,,,,,,,,,,,,,,,,,,,,,,
,,typeOfValue,typeOfValue,,,,text,,FALSE,,16,,,,,,,,,,,,,,,,,,,,,,,,,,,,,,,,,
,,floatValue,floatValue,,,,float,,,,,,,,,,,,,,,,,,,,,,,,,,,,,,,,,,,,,
,,integerValue,integerValue,,,,integer,,,,,,,,,,,,,,,,,,,,,,,,,,,,,,,,,,,,,
,,textValue,textValue,,,,text,, ,,32,,,,,,,,,,,,,,,,,,,,,,,,,,,,,,,,,
,,generalValue,generalValue,,,,text,,FALSE,,32,,,,,,,,,,,,,,,,,,,,,,,,,,,,,,,,,
,,technicalComments,technicalComments,MedicalComment,,commentId,object,,,, ,,,,,,,,,,,,,,,,,,,,,,,,,,,,,,,,,
,,filename,filename,,,,filename,,,,,,,,,,,,,,,,,,,,,,,,,,,,,,,,,,,,,
,,safeValue,safeValue,,,,boolean,,FALSE,,,,,,,0,,,,,,,,,,,,,,,,,,,,,,,,,,,,
,,approved,approved,,,,boolean,,FALSE,,,,,,,0,,,,,,,,,,,,,,,,,,,,,,,,,,,,
ICD10,_icd10,ICD10ID,ICD10ID,,,,integer,primary,,,,,,,,,,,,,,,,,,,,,,@import://icd10_updated.csv/id,,,,,,,,,,,,,,
,,number,number,,,,text, ,FALSE,,10,,,,,,,,,,,,,,,,,,,@import://icd10_updated.csv/Number,,,,,,,__data__,,,,,,,
,,chapterNumber,chapterNumber,,,,text,,,,16,,,,,,,,,,,,,,,,,,,@import://icd10_updated.csv/Chapter_No,,,,,,,,,,,,,,
,,chapterDescription,chapterDescription,,,,text,,,,255,,,,,,,,,,,,,,,,,,,@import://icd10_updated.csv/Chapter_Desc,,,,,,,,,,,,,,
,,groupCode,groupCode,,,,text,,,,16,,,,,,,,,,,,,,,,,,,@import://icd10_updated.csv/Group_Code,,,,,,,,,,,,,,
,,groupDescription,groupDescription,,,,text,,,,255,,,,,,,,,,,,,,,,,,,@import://icd10_updated.csv/Group_Desc,,,,,,,,,,,,,,
,,icd10N3Code,icd10N3Code,,,,text,,,,8,,,,,,,,,,,,,,,,,,,@import://icd10_updated.csv/ICD10_3_Code,,,,,,,,,,,,,,
,,icd10N3CodeDescription,icd10N3CodeDescription,,,,text,,,,255,,,,,,,,,,,,,,,,,,,@import://icd10_updated.csv/ICD10_3_Code_Desc,,,,,,,,,,,,,,
,,icd10Code,icd10Code,,,,text,value,,,8,,,,,,,,,,,,,,,,,,,@import://icd10_updated.csv/ICD10_Code,,,,,,,,,,,,,,
,,whoFullDescription,whoFullDescription,,,,text,value,,,255,,,,,,,,,,,,,,,,,,,@import://icd10_updated.csv/WHO_Full_Desc,,,,,,,,,,,,,,
,,validICD10ClinicalUse,validICD10ClinicalUse,,,,boolean,,,,,,,,,2,,,,,,,,,,,,,,@import://icd10_updated.csv/Valid_ICD10_ClinicalUse,,,,,,,,,,,,,,
,,validICD10Primary,validICD10Primary,,,,boolean,,,,,,,,,2,,,,,,,,,,,,,,@import://icd10_updated.csv/Valid_ICD10_Primary,,,,,,,,,,,,,,
,,validICD10Asterisk,validICD10Asterisk,,,,boolean,,,,,,,,,2,,,,,,,,,,,,,,@import://icd10_updated.csv/Valid_ICD10_Asterisk,,,,,,,,,,,,,,
,,validICD10Dagger,validICD10Dagger,,,,boolean,,,,,,,,,2,,,,,,,,,,,,,,@import://icd10_updated.csv/Valid_ICD10_Dagger,,,,,,,,,,,,,,
,,validICD10Sequelae,validICD10Sequelae,,,,boolean,,,,,,,,,2,,,,,,,,,,,,,,@import://icd10_updated.csv/Valid_ICD10_Sequelae,,,,,,,,,,,,,,
,,ageRange,ageRange,,,,text,,,,,,,,,,,,,,,,,,,,,,,@import://icd10_updated.csv/Age_Range,,,,,,,,,,,,,,
,,gender,gender,Sex,,sexId,object,,,,,,,,,,,,,,,,,,,,,,,@import://icd10_updated.csv/Gender,,,,,,,,,,,,,,
,,status,status,,,,text,,,,1,,,,,,,,,,,,,,,,,,,@import://icd10_updated.csv/Status,,,,,,,,,,,,,,
,,whoStartDate,whoStartDate,,,,dateandtime,,,,,,,,,,,,,,,,,,,,,,,@import://icd10_updated.csv/WHO_Start_date,,,,,,,,,,,,,,
,,whoEndDate,whoEndDate,,,,dateandtime,,,,,,,,,,,,,,,,,,,,,,,@import://icd10_updated.csv/WHO_End_date,,,,,,,,,,,,,,
,,whoRevisionHistory,whoRevisionHistory,,,,dateandtime,,,,,,,,,,,,,,,,,,,,,,,@import://icd10_updated.csv/WHO_Revision_History,,,,,,,,,,,,,,
,,saStartDate,saStartDate,,,,dateandtime,,,,,,,,,,,,,,,,,,,,,,,@import://icd10_updated.csv/SA_Start_Date,,,,,,,,,,,,,,
,,saEndDate,saEndDate,,,,dateandtime,,,,,,,,,,,,,,,,,,,,,,,@import://icd10_updated.csv/SA_End_Date,,,,,,,,,,,,,,
,,saRevisionHistory,saRevisionHistory,,,,text,,,,255,,,,,,,,,,,,,,,,,,,@import://icd10_updated.csv/SA_Revision_History,,,,,,,,,,,,,,
,,comments,comments,,,,text,,,,511,,,,,,,,,,,,,,,,,,,@import://icd10_updated.csv/Comment,,,,,,,,,,,,,,
UploadedFiles,_uploaded_files,fileId,fileId,,,,integer,primary,,,,,,,,,,,,,,,,,,,,,,,,,,,,,__data__,,,,,,,
,,fileName,fileName,,,,text,value,FALSE,,64,,,,,,,,,,,,,,,,,,,,,,,,,,,,,,,,,
,,path,path,,,,text,,FALSE,,128,,,,,,,,,,,,,,,,,,,,,,,,,,,,,,,,,
PatientFileObject,_patient_file,fileId,fileId,,,,integer,primary,,,,,,,,,,,,,,,,,,,,,,,,,,,, ,__data__,,,,,,,
,,visitId,visit,PatientVisit,,visitId,object,,FALSE,,,,,,,,,,,,,,,,,,,,,,,,,,,,,,,,,,,
,,stageId,actionStage,PatientMovementStage,,stageId,object,,FALSE,,,,,,,,,,,,,,,,,,,,,,,,,,,,,,,,,,,
,,payload,payload,,,,text,,FALSE,,511,,,,,,,,,,,,,,,,,,,,,,,,,,,,,,,,,
,,bundleCode,bundleCode,,,,bundle-code,,,, ,, ,,,,,,,,,,,,,,,,,,,,,,,,,,,,,,,
UnitOfMeasurement,_unit_of_measurement,unitId,unitId,,,,integer,primary,,,,,,,,,,,,,,,,,,,,,,"{1,2,3,4,5,6,7,8}",,,,,,,,,,,,,,
,,unitName,unitName,,,,text,value,FALSE,TRUE,32,,,,,,,,,,,,,,,,,,,"{'None', 'Capsule', 'Tablet', 'Box', 'Bottle', 'Supp', 'Vial', 'Amp'}",,,,,,,__data__,,,,,,,
,,abbreviation,abbreviation,,,,text,,,TRUE,16,,,,,,,,,,,,,,,,,,,"{'Nn', 'Cap', 'Tab', 'Box', 'Bottle', 'Supp', 'Vial', 'Amp'}",,,,,,,,,,,,,,
PharmaceuticalDrug,_pharmaceutical_drugs,drugId,drugId,,,,integer,primary,,,,,,,,,,,,,,,,,,,,,,@import://services.csv/drugId,drugId,,,,,,__data__,,,,,,,
,,drugName,drugName,,,,text,value,FALSE,TRUE,64,,,,,,,,,,,,,,,,,,,@import://services.csv/drugName,,,,,,,,,,,,,,
,,serviceId,service,Service,,serviceId,object,,FALSE,,,,,,,,FALSE,,,,,,,,,,,,,@import://services.csv/serviceId,,,,,,,,,,,,,,
,,unitId,unitOfMeasurement,UnitOfMeasurement,,unitId,object,,FALSE,,,,,,,,,,,,,,,,,,,,,@import://services.csv/unitId,,,,,,,,,,,,,,
Ward,_ward,wardId,wardId,,,,integer,primary,,,,,,,,,,,,,,,,,,,,,,{1},,,,,,,__data__,,,,,,,
,,wardNumber,wardNumber,,,,integer,value,FALSE,TRUE,,,,,,,,,,,,,,,,,,,,{1},,,,,,,,,,,,,,
Room,_room,roomId,roomId,,,,integer,primary,,,,,,,,,,,,,,,,,,,,,,"{1,2,3,4,5}",,,,,,,__data__,,,,,,,
,,roomNumber,roomNumber,,,,integer,value,,,,,,,,,,,,,,,,,,,,,,"{1,2,1,1,2}",,,,,,,,,,,,,,
,,wardId,ward,Ward,,wardId,object,,FALSE,,,,,,,,,,,,,,,,,,,,,"{1,1,1,1,1}",,,,,,,,,,,,,,
,,observation,observation,,,,boolean,,,,,,,,,0,,,,,,,,,,,,,,"{0,0,0,1,1}",,,,,,,,,,,,,,
,,private,private,,,,boolean,,,,,,,,,0,,,,,,,,,,,,,,"{0,0,1,0,0}",,,,,,,,,,,,,,
Bed,_bed,bedId,bedId,,,,integer,primary,,,,,,,,,,,,,,,,,,,,,,"{1,2,3,4,5,6,7,8,9,10,11,12,13,14,15,16,17,18}",,,,Bed.php://Bed.getListOfOccupiedBeds,,,__data__,,,,,,,
,,bedNumber,bedNumber,,,,integer,value,FALSE,,,,,,,,,,,,,,,,,,,,,"{1,2,3,4,5,1,2,3,4,1,2,1,2,3,1,2,3,4}",,,,,,,,,,,,,,
,,roomId,room,Room,,roomId,object,,FALSE,,,,,,,,,,,,,,,,,,,,,"{1,1,1,1,1,2,2,2,2,3,3,4,4,4,5,5,5,5}",,,,,,,,,,,,,,
,,occupied,occupied,,,,boolean,,FALSE,,,,,,,0,,,,,,,,,,,,,,,,,,,,,,,,,,,,
NurseStationQueue,_nurse_station_queue,serviceId,service,Service,,serviceId,object,,FALSE,,,,,,,,FALSE,,,,,,,,,,,,, ,,,,NurseStationQueue.php://NurseStationQueue.getNurseStationQueuesForMedicalConsultationQueue,,,GeneralQueue,,2,,,,,
,,requestedBy,requestedBy,Login,,loginId,object,,FALSE,,,,,,,,,,,,,,,,,,,,,,,,,,,,,,,,,,,
,,consultationQueue,consultationQueue,MedicalDoctorConsultationQueue,,queueId,object,, ,,,,,,,,,,,,,,,,,,,,,,,,,,,,,,,,,,,
,,maxNumberOfAttendance,maximumNumberOfAttendance,,,,integer,,FALSE,,,,,,,1,,,"{'pname':'currentAttendanceSequence', 'op': '<=', 'negate': true, 'error-message': 'Maximum Number of Attendance can not be less than Current Attendance Sequence'}",,,,,,,,,,,,,,,,,,,,,,,,,
,,currentAttendanceSequence,currentAttendanceSequence,,,,integer,,FALSE,,,,,,,0,,,"{'pname':'maximumNumberOfAttendance ', 'op': '<=', 'negate': false, 'error-message': 'Current Attendance Sequence can not be greater than Maximum Number of Attendance'}",,,,,,,,,,,,,,,,,,,,,,,,,
,,listOfActivities,listOfActivities,NurseStationActivity,,activityId,list-object,,,,255,,,,,,,,,,,,,,,,,,,,,,,,,,,,,,,,,
,,commentId,medicalComment,MedicalComment,,commentId,object,,,,,,,,,,,,,,,,,,,,,,,,,,,,,,,,,,,,,
,,completed,completed,,,,boolean,,,,,,,,,0,,,,,,,,,,,,,,,,,,,,,,,,,,,,
NurseStationActivityProgress,_nurse_station_activity_progress,progressId,progressId,,,,integer,primary,,,,,,,,,,,,,,,,,,,,,,"{1,2,3,4}",,,"{'EXCELLENT':'1', 'GOOD':'2', 'BAD':'3', 'WORSE':'4'}",,,,__data__,,,,,,,
,,progressName,progressName,,,,text,value,FALSE,TRUE,32,,,,,,,,,,,,,,,,,,,"{'Excellent', 'Good', 'Bad', 'Worse'}",,,,,,,,,,,,,,
NurseStationActivity,_nurse_station_activities,activityId,activityId,,,,integer,primary,,,,,,,,,,,,,,,,,,,,,,,,,,NurseStationActivity.php://NurseStationActivity.getActivityUIForNurseStationQueue,,,__bundle_visit_case_patient__,,,,,,,
,,serviceId,service,Service,,serviceId,object,,FALSE,,,,,,,,,,,,,,,,,,,,,,,,,,,,,,,,,,,
,,attendedBy,attendedBy,Login,,loginId,object,,FALSE,,,,,,,,,,,,,,,,,,,,,,,, ,,,,,,,,,,,
,,resultsText,resultsText,,,,text,value,,,255,,,,,,,,,,,,,,,,,,,,,,,,,,,,,,,,,
,,seqno,sequenceNumber,,,,integer,,FALSE, ,,,,,,1,,,,,,,,,,,,,,,,,,,,,,,,,,,,
,,progressId,progress,NurseStationActivityProgress,,progressId,object,,FALSE,,,,,,,,,,,,,,,,,,,,,,,,,,,,,,,,,,,
,,requireMedicalAttention,requireMedicalAttention,,,,boolean,,,,,,,,,0,,,,,,,,,,,,,,,,,,,,,,,,,,,,
PatientMovementStageMonitor,_patient_movement_stage_monitor,monitorId,monitorId,,,,integer,primary,,,,,,,,,,,,,,,,,,,,,,,,,,"PatientMovementStageMonitor.php://PatientMovementStageMonitor.getMonitor,PatientMovementStageMonitor.getAllMonitorsForAStage",,,__bundle_visit_case_patient__,,,,,,,
,,stageId,stage,PatientMovementStage,,stageId,object,,FALSE,,,,,,,,,,,,,,,,,,,,,,,,,,,,,,,,,,,
,,_group,groupNumber,,,,integer,,FALSE,,,,,,,0,,,,,,,,,,,,,,,,,,,,,,,,,,,,
MedicalComment,_medical_comments,commentId,commentId,,,,integer,primary,,,,,,,,,,,,,,,,,,,,,,,,,,,,,__bundle_visit_case_patient__,,,,,,,
,,comments,comments,,,,text,value,FALSE,,511,,,,,,,,,,,,,,,,,,,,,,,,,,,,,,,,,
MedicalDoctorExaminedDisease,_medical_doctor_examined_diseases,diseaseId,diseaseId,,,,integer,primary,,,,,,,,,,,,,,,,,,,,,,,,,,"MedicalDoctorExaminedDisease.php://MedicalDoctorExaminedDisease.getExaminedDiseasesForExaminationQueue,MedicalDoctorExaminedDisease.getDiseaseAnalysisUIForMedicalConsultationQueue",,,__bundle_visit_case_patient__,,,,,,,
,,listOfICD10Diseases,listOfICD10Diseases,ICD10,,ICD10ID,list-object,,FALSE,,,,,,,,,,,,,,,,,,,,,,,,,,,,,,,,,,,
,,commentId,medicalComment,MedicalComment,,commentId,object,,,,,,,,,,,,,,,,,,,,,,,,,,,,,,,,,,,,,
,,examinationQueue,examinationQueue,PatientExaminationQueue,,queueId,object,,FALSE,,,,,,,,,,,,,,,,,,,,,,,,,,,,,,,,,,,
PatientDrugQueue,_patient_drug_queue,listOfDrugManagements,listOfDrugManagements,PatientDrugManagement,,managementId,list-object,,FALSE,,,,,,,,,,,,,,,,,,,,,,,,,GeneralMedicalWorkingBlock.php://GeneralMedicalWorkingBlock.getWorkingBlockForConsultationQueue,,,GeneralQueue,,2,,,,,
,,consultationQueue,consultationQueue,MedicalDoctorConsultationQueue,,queueId,object,,FALSE,,,,,,,,,,,,,,,,,,,,,,,,,"PatientDrugQueue.php://PatientDrugQueue.getListOfDispensedDrugManagement,PatientDrugQueue.getListOfNotYetDispensedDrugManagement,PatientDrugQueue.getListOfDispensedPatientDrug,PatientDrugQueue.getDispensedPatientDrugForManagement,PatientDrugQueue.getPDFTabularSummary", ,, ,TRUE, ,,,,,Gen Work Blk
PatientDrugManagement,_patient_drug_management,managementId,managementId,,,,integer,primary,,,,,,,,,,,,,,,,,,,,,,,,,,,,,__bundle_visit_case_patient__,,,,,,,
,,drugId,pharmaceuticalDrug,PharmaceuticalDrug,,drugId,object,,,,,,,,,,,,,,,,,,,,,,,,,,,,,,,,,,,,,
,,_usage,usage,,,,text,,,,255,,,,,,,,,,,,,,,,,,,,,,,,,,,,,,,,,
,,quantity,quantity,,,,integer,,FALSE,,,,,,,1,,,,,,,,,,,,,,,,,,,,,,,,,,,,
,,completed,completed,,,,boolean,,FALSE,,,,,,,0,,,,,,,,,,,,,,,,,,,,,,,,,,,,
,,pendingPayment,pendingPayment,,,,boolean,,FALSE,,,,,,,0,,,,,,,,,,,,,,,,,,,,,,TRUE,32,,,,, 
PatientAdmissionQueue,_patient_admission_queue,consultationQueue,consultationQueue,MedicalDoctorConsultationQueue,,queueId,object,,FALSE,,,,,,,,,,,,,,,,,,,,,,,,,GeneralMedicalWorkingBlock.php://GeneralMedicalWorkingBlock.getWorkingBlockForConsultationQueue, ,,GeneralQueue,1,1,,,,,Gen Work Blk
,,numberOfDays,numberOfDays,,,,integer,,FALSE,,,,,,,0,,,,,,,,,,,,,,,,,,PatientAdmissionQueue.php://PatientAdmissionQueue.getPDFTabularSummary,,,,,,,,,,
 , ,listOfServices,listOfServices,Service,,serviceId,list-object,,FALSE,,,,,,,,,,,,,,,,,,,,,,,,"{'WET_LAB':'1','ULTRASOUND':'2','PLAIN_XRAY':'3'}",,,, ,,2,,,,,
,,inOperation,inOperation,,,,boolean,,FALSE,,,,,,,0,,,,,,,,,,,,,,,,,,,,,,,,,,,,
,,operationQueueReference,operationQueueReference,,,,reference,,,,,,,,,,,,,,,,,,,,,,,,,,,,,,,,,,,,,
PatientAdmission,_patient_admission,admissionId,admissionId,,,,integer,primary,,,,,,,,,,,,,,,,,,,,,,,,,,,,,__bundle_visit_case_patient__,,,,,,,
,,queueId,admissionQueue,PatientAdmissionQueue,,queueId,object,,FALSE,,,,,,,,,,,,,,,,,,,,,,,,,,,,,,,,,,,
,,bedId,bed,Bed,,bedId,object,,FALSE,,,,,,,,,,,,,,,,,,,,,,,,,,,,,,,,,,,
,,numberOfDays,numberOfDays,,,,integer,,FALSE,,,,,,,0,,,,,,,,,,,,,,,,,,,,,,,,,,,,
 , ,listOfServices,listOfServices,Service,,serviceId,list-object,,FALSE,,,,,,,,,,,,,,,,,,,,,,,,"{'WET_LAB':'1','ULTRASOUND':'2','PLAIN_XRAY':'3'}",,,, ,,2,,,,,
,,discharged,discharged,,,,boolean,,FALSE,,,,,,,0,,,,,,,,,,,,,,,,,,,,,,,,,,,,
,,inOperation,inOperation,,,,boolean,,FALSE,,,,,,,0,,,,,,,,,,,,,,,,,,,,,,,,,,,,
,,operationQueueReference,operationQueueReference,,,,reference,,,,,,,,,,,,,,,,,,,,,,,,,,,,,,,,,,,,,
,,completed,completed,,,,boolean,,FALSE,,,,,,,0,,,,,,,,,,,,,,,,,,,,,,,,,,,,
PatientDischargeQueue,_patient_discharge_queue,admissionId,admission,PatientAdmission,,admissionId,object,,FALSE,,,,,,,,,,,,,,,,,,,,,,,,,,,,GeneralQueue,,2,,,,,
DispensedPatientDrug,_dispensed_patient_drug,dispensedId,dispensedId,,,,integer,primary,,,,,,,,,,,,,,,,,,,,,,,,,,,,,__bundle_visit_case_patient__,,,,,,,
,,drugManagement,drugManagement,PatientDrugManagement,,managementId,object,,FALSE,,,,,,,,,,,,,,,,,,,,,,,,,,,,,,,,,,,
,,drugQueue,drugQueue,PatientDrugQueue,,queueId,object,,FALSE,,,,,,,,,,,,,,,,,,,,,,,,,,,,,,,,,,,
,,_usage,usage,,,,text,,,,255,,,,,,,,,,,,,,,,,,,,,,,,,,,,,,,,,
,,quantity,quantity,,,,integer,,FALSE,,,,,,,1,,,,,,,,,,,,,,,,,,,,,,,,,,,,
DispensedPatientDrugManager,_dispensed_patient_drug_manager,managerId,managerId,,,,integer,primary,,,,,,,,,,,,,,,,,,,,,,,,,,,,,__bundle_visit_case_patient__,,,,,,,
,,listOfDispensedDrugs,listOfDispensedDrugs,DispensedPatientDrug,,dispensedId,list-object,,FALSE,,255,,,,,,,,,,,,,,,,,,,,,,,,,,,,,,,,,
,,completed,completed,,,,boolean,,FALSE,,,,,,,0,,,,,,,,,,,,,,,,,,,,,,,99,,,,,
Theatre,_theatre,theatreId,theatreId,,,,integer,primary,,,,,,,,,,,,,,,,,,,,,,{1},,,"{'TAB_ANAESTHESIA':'1','TAB_VITAL_SIGNS_AND_MEDICATION':'2','TAB_CONSENT_FORM':'3','TAB_MOVE_TO_OPERATION':'4','TAB_PATIENT_DATA':'5'}",,,,__data__,,,,,,,
,,theatreName,theatreName,,,,text,value,FALSE,,64,,,"""^[A-Za-z](\w|\W){1,63}$""","""Must be between 2 and 64 characters, must start with Alphabet""",,,,,,,,,,,,,,,{'Main Theatre'},,,"{'TYPE_TEMPERATURE':'1', 'TYPE_RESPIRATION_RATE':'2','TYPE_PULSE_RATE':'3','TYPE_BLOOD_PRESSURE':'4','TYPE_BLOOD_PRESSURE_SYSTOLIC':'5', 'TYPE_BLOOD_PRESSURE_DYSTOLIC':'6'}",,,,,,,,,,,
,,description,description,,,,text,,,,128,,,,,,,,,,,,,,,,,,,{'Main Theatre'},,,"{'PRE_OPERATION':'1','POST_OPERATION':'2'}",,,,,,,,,,,
PatientOperationQueue,_patient_operation_queue,consultationQueue,consultationQueue,MedicalDoctorConsultationQueue,,queueId,object,,FALSE,,,,,,,,,,,,,,,,,,,,,,,,,GeneralMedicalWorkingBlock.php://GeneralMedicalWorkingBlock.getWorkingBlockForConsultationQueue,,,GeneralQueue,,2,,,,,
,,commentId,medicalComment,MedicalComment,,commentId,object,,,,,,,,,,,,,,,,,,,,,,,,,,,"PatientOperationQueue.php://PatientOperationQueue.getListOfPatientOperations,PatientOperationQueue.getListOfAttendedServices,PatientOperationQueue.getListOfNotYetAttendedServices",,,,,,,,,,
 , ,listOfServices,listOfServices,Service,,serviceId,list-object,,FALSE,,,,,,,,,,,,,,,,,,,,,,,, , ,,, ,, ,,,,,
,,timeOfAppointment,timeOfAppointment,,,,dateandtime,,,,,,,,,,,,,,,,,,,,,,,,,,,,,,, , ,,,,, 
,,duration,duration,,,,integer,,FALSE,,,,,,,0,,,,,,,,,,,,,,,,,,,,,,,,,,,,
,,admissionQueueReference,admissionQueueReference,,,,reference,,,,,,,,,,,,,,,,,,,,,,,,,,,,,,,,,,,,,
,,admissionQueue,admissionQueue,PatientAdmissionQueue,,queueId,object,,FALSE,,,,,,,,,,,,,,,,,,,,,,,,,,,,,,,,,,,
,,theatreId,theatre,Theatre,,theatreId,object,,FALSE,,,,,,,,,,,,,,,,,,,,,,,,,,,,,,,,,,,
,,surgeon,surgeon,MedicalDoctor,,doctorId,object,,,,,,,,,,,,,,,,,,,,,,,,,,,,,,,,,,,,Login.fullName,
,,anaesthetist,anaesthetist,MedicalDoctor,,doctorId,object,,,,,,,,,,,,,,,,,,,,,,,,,,,,,,,,,,,,Login.fullName,
,,sponsorName,sponsorName,,,,text,,FALSE,,64,,,,,,,,,,,,,,,,,,,,,,,,,,,,,,,,,Oct_30_2022
,,consented,consented,,,,boolean,,FALSE,,,,,,,0,,,,,,,,,,,,,,,,,,,,,,,,,,,,
PatientOperation,_patient_operation,operationId,operationId,,,,integer,primary,,,,,,,,,,,,,,,,,,,,,,,,,,,,,__bundle_visit_case_patient__,,,,,,,
,,queueId,operationQueue,PatientOperationQueue,,queueId,object,,FALSE,,,,,,,,,,,,,,,,,,,,,,,,,,,,,,,,,,,
,,serviceId,service,Service,,serviceId,object,,FALSE,,,,,,,,,,,,,,,,,,,,,,,,,,,,,,,,,,,Oct_30_2022
,,surgeon,surgeon,MedicalDoctor,,doctorId,object,,,,,,,,,,,,,,,,,,,,,,,,,,,,,,,,,,,,Login.fullName,Oct_30_2022
,,anaesthetist,anaesthetist,MedicalDoctor,,doctorId,object,,,,,,,,,,,,,,,,,,,,,,,,,,,,,,,,,,,,Login.fullName,Oct_30_2022
,,typeOfAnaesthetist,typeOfAnaesthetist,TypeOfAnaesthetist,,typeId,object,,,,,,,,,,,,,,,,,,,,,,,,,,,,,,,,,,,,,Oct_30_2022
,,theatreId,theatre,Theatre,,theatreId,object,, ,,,,,,,,,,,,,,,,,,,,,,,,,,,,,,,,,,,Oct_30_2022
,,surgeryTime,surgeryTime,,,,dateandtime,,,,,,,,,,,,,,,,,,,,,,,,,,,,,,,,,,,,,Oct_30_2022
,,surgeryDuration,surgeryDuration,,,,text,,,,32,,,,,,,,,,,,,,,,,,,,,,,,,,,,,,,,,Oct_30_2022
,,startCuttingTime,startCuttingTime,,,,dateandtime,,,,,,,,,,,,,,,,,,,,,,,,,,,,,,,,,,,,,Oct_30_2022
,,endCuttingTime,endCuttingTime,,,,dateandtime,,,,,,,,,,,,,,,,,,,,,,,,,,,,,,,,,,,,,Oct_30_2022
,,position,position,,,,text,,,,32,,,,,,,,,,,,,,,,,,,,,,,,,,,,,,,,,Oct_30_2022
,,incision,incision,,,,text,,,,32,,,,,,,,,,,,,,,,,,,,,,,,,,,,,,,,,Oct_30_2022
,,statusId,status,SurgeryStatus,,statusId,object,,FALSE,,,,,,,,,,,,,,,,,,,,,,,,,,,,,,,,,,,Oct_30_2022
,,procedureDescriptionAndClosure,procedureDescriptionAndClosure,MedicalComment,,commentId,object,,,,,,,,,,,,,,,,,,,,,,,,,,,,,,,,,,,,,Oct_30_2022
,,identificationOfProsthesis,identificationOfProsthesis,MedicalComment,,commentId,object,,,,,,,,,,,,,,,,,,,,,,,,,,,,,,,,,,,,,Oct_30_2022
,,estimatedBloodLoss,estimatedBloodLoss,MedicalComment,,commentId,object,,,,,,,,,,,,,,,,,,,,,,,,,,,,,,,,,,,,,Oct_30_2022
,,problemsAndComplications,problemsAndComplications,MedicalComment,,commentId,object,,,,,,,,,,,,,,,,,,,,,,,,,,,,,,,,,,,,,Oct_30_2022
,,drain,drain,MedicalComment,,commentId,object,,,,,,,,,,,,,,,,,,,,,,,,,,,,,,,,,,,,,Oct_30_2022
,,technicalComments,technicalComments,MedicalComment,,commentId,object,,,, ,,,,,,,,,,,,,,,,,,,,,,,,,,,,,,,,,Oct_30_2022
,,attendedBy,attendedBy,Login,,loginId,object,,FALSE,,,,,,,,,,,,,,,,,,,,,,,,,,,,,,,,,,,
,,completed,completed,,,,boolean,,FALSE,,,,,,,0,,,,,,,,,,,,,,,,,,,,,,,99,,,,,Oct_30_2022
BloodGroup,_blood_group,groupId,groupId,,,,integer,primary,,,,,,,,,,,,,,,,,,,,,,"{1,2,3,4,5,6,7,8}",,,,,,,__data__,,,,,,,
,,groupName,groupName,,,,text,value,FALSE,TRUE,32,,,,,,,,,,,,,,,,,,,"{'A RhD positive', 'A RhD negative', 'B RhD positive', 'B RhD negative', 'O RhD positive', 'O RhD negative', 'AB RhD positive', 'AB RhD negative'}",,,,,,,,,,,,,,
,,code,code,,,,text,,FALSE,TRUE,4,,,,,,,,,,,,,,,,,,,"{'A+', 'A-', 'B+', 'B-', 'O+', 'O-', 'AB+', 'AB-'}",,,,,,,,,,,,,,
PreAnalyticsGeneralData,_pre_analytics_general_data,dataId,dataId,,,,integer,primary,,,,,,,,,,,,,,,,,,,,,,,,,,,FALSE, ,__data__,TRUE,0,,,,,
,,loginId,login,Login,,loginId,object,,FALSE,,,,,,,,,,,,,,,,,,,,,,,,,,,,,TRUE,,,,,,
,,_type,type,,,,integer,,,,,,,,,,,,,,,,,,,,,,,,,,,,,,,TRUE,,,,,,
,,_group,group,,,,integer,,FALSE,,,,,,,0,,,,,,,,,,,,,,,,,,,,,,TRUE,,,,,,
,,referenceString,referenceString,,,,reference,,FALSE,,,,,,,,,,,,,,,,,,,,,,,,,,,,,TRUE,,,,,,
,,temporaryObjectHolder,temporaryObjectHolder,,,,reference,,,,,,,,,,FALSE,,,,,,,,,,,,,,,,,PreAnalyticsGeneralData.php://PreAnalyticsGeneralData.getListOfDataObjectsForAClass,,,,FALSE, ,,,,,Undo Inherit
,,temporaryIntegerHolder,temporaryIntegerHolder,,,,integer,,,,,,,,,,FALSE,,,,,,,,,,,,,,,,,,,,,FALSE, ,,,,,Undo Inherit
,,temporaryStringHolder,temporaryStringHolder,,,,text,,,,32,,,,,,FALSE,,,,,,,,,,,,,,,,,,,,,FALSE, ,,,,,Undo Inherit
,,extraFilter,extraFilter,,,,filter,,,,,,,,,,FALSE,,,,,,,,,,,,,,,,,,,,,FALSE, ,,,,,Undo Inherit
,,comments,comments,,,,comments,,,,,,,,,,,,,,,,,,,,,,,,,,,,,,,FALSE, ,,,,,Undo Inherit
PreAnalyticsIntegerData,_pre_analytics_int_data,_value,value,,,,integer,,FALSE,,,,,,,,,,,,,,,,,,,,,,,,,"PreAnalyticsGeneralData.php://PreAnalyticsGeneralData.getListOfDataObjects,PreAnalyticsGeneralData.getChartByTimeOfCreation",,,PreAnalyticsGeneralData,,701,,,,,
PreAnalyticsFloatData,_pre_analytics_float_data,_value,value,,,,float,,FALSE,,,,,,,,,,,,,,,,,,,,,,,,,"PreAnalyticsGeneralData.php://PreAnalyticsGeneralData.getListOfDataObjects,PreAnalyticsGeneralData.getChartByTimeOfCreation",,,PreAnalyticsGeneralData,,701,,,,,
PreAnalyticsObjectData,_pre_analytics_object_data,_value,value,,,,reference,,FALSE,,,,,,,,,,,,,,,,,,,,,,,,,"PreAnalyticsGeneralData.php://PreAnalyticsGeneralData.getListOfDataObjects,PreAnalyticsGeneralData.getChartByTimeOfCreation",,,PreAnalyticsGeneralData,,701,,,,,
PreAnalyticsStringData,_pre_analytics_string_data,_value,value,,,,reference,,FALSE,,,,,,,,,,,,,,,,,,,,,,,,,"PreAnalyticsGeneralData.php://PreAnalyticsGeneralData.getListOfDataObjects,PreAnalyticsGeneralData.getChartByTimeOfCreation",,,PreAnalyticsGeneralData,,701,,,,,
SystemFiles,_system_files,fileId,fileId,,,,integer,primary,FALSE,,,,,,,,,,,,,,,,,,,,,,,,,"SystemFiles.php://SystemFiles.getUploadedFileExtension,SystemFiles.isThereAnyFileReceivedFromTheClient,SystemFiles.checkUploadedFile,SystemFiles.saveUploadedFile",,,__data__,,0,,,,,
,,filename,filename,,,,text,value,FALSE,,64,,,,,,,,,,,,,,,,,,,,,,,,,,,,,,,,,
,,type,type,,,,text,,,,16,,,,,,,,,,,,,,,,,,,,,,,,,,,,,,,,,
,,size,size,,,,integer,,FALSE,,,,,,,0,,,,,,,,,,,,,,,,,,,,,,,,,,,,
Religion,_religion,religionId,religionId,,,,integer,primary, ,,,,,,,,,,,,,,,,,,,,,"{1,2,3,99}",,,,,,,__data__,,,,,,,
,,religionName,religionName,,,,text,value,FALSE,TRUE,64,,,,,,,,,,,,,,,,,,,"{'Christian', 'Hindu', 'Muslim','Others'}",,,,,,,,,,,,,,
Occupation,_occupation,occupationId,occupationId,,,,integer,primary,,,,,,,,,,,,,,,,,,,,,,"{1,2,3,4,5,6}",,,,,,,__data__,,,,,,,
,,occupationName,occupationName,,,,text,value,FALSE,TRUE,64,,,,,,,,,,,,,,,,,,,"{'Child/Mtoto', 'Student/Mwanafunzi', 'Business Person/Mfanyabiashara', 'Farmer/Mkulima', 'Pastoralist/Mfugaji', 'No Work/Hana kazi'}",,,,,,,,,,,,,,
GeneralMedicalWorkingBlock,__general_medical_working_block,blockId,blockId,,,,integer,primary,,,,,,,,,,,,,,,,,,,,,,,,,"{'TAB_PHARMACY':'1', 'TAB_ADMISSION':'2'}",GeneralMedicalWorkingBlock.php://GeneralMedicalWorkingBlock.getWorkingBlockForClassAndConsultationQueue,FALSE,,__data__,FALSE,,,,,,
,,consultationQueue,consultationQueue,MedicalDoctorConsultationQueue,,queueId,object,,FALSE,,,,,,,,,,,,,,,,,,,,,,,,,, ,, ,TRUE,1,,,,,Gen Work Blk
,,bundleCode,bundleCode,,,,bundle-code,,,, ,, ,,,,,,,,,,,,,,,,,,,,,,,,,TRUE,31,,,,,BVCP Inherit
PatientHistory,_patient_history,historyId,historyId,,,,integer,primary,,,,,,,,,,,,,,,,,,,,,,,,,,GeneralMedicalWorkingBlock.php://GeneralMedicalWorkingBlock.getWorkingBlockForConsultationQueue,,,GeneralMedicalWorkingBlock,,,,,,,
,,chiefComplaints,chiefComplaints,MedicalComment,,commentId,object,,FALSE,,,,,,,,,,,,,,,,,,,,,,,,,PatientHistory.php://PatientHistory.getPDFPrintOut,,,,,,,,,,
,,reviewOfOtherServices,reviewOfOtherServices,MedicalComment,,commentId,object,,,,,,,,,,,,,,,,,,,,,,,,,,,,,,,,,,,,,
,,pastMedicalHistory,pastMedicalHistory,MedicalComment,,commentId,object,,,,,,,,,,,,,,,,,,,,,,,,,,,,,,,,,,,,,
,,familyAndSocialHistory,familyAndSocialHistory,MedicalComment,,commentId,object,,,,,,,,,,,,,,,,,,,,,,,,,,,,,,,,,,,,,
GeneralExamination,_general_examination,examinationId,examinationId,,,,integer,primary,,,,,,,,,,,,,,,,,,,,,,,,,,GeneralMedicalWorkingBlock.php://GeneralMedicalWorkingBlock.getWorkingBlockForConsultationQueue,,,GeneralMedicalWorkingBlock,,,,,,,
,,examination,examination,MedicalComment,,commentId,object,,,TRUE,,,,,,,,,,,,,,,,,,,,,,,,,,,,,,,,,,
VitalSigns,_vital_signs,signsId,signsId,,,,integer,primary,,,,,,,,,,,,,,,,,,,,,,,,,,GeneralMedicalWorkingBlock.php://GeneralMedicalWorkingBlock.getWorkingBlockForConsultationQueue,,,GeneralMedicalWorkingBlock,,,,,,,
,,visitId,visit,PatientVisit,,visitId,object,,FALSE,,,,,,,,,,,,,,,,,,,,,,,,,VitalSigns.php://VitalSigns.getListOfVitalSignsForPatient,,,, ,1,,,,, 
,,caseId,patientCase,PatientCase,,caseId,object,,FALSE,,,,,,,,,,,,,,,,,,,,,,,,,,,,, ,1,,,,, 
,,patientId,patient,Patient,,patientId,object,,FALSE,,,,,,,,,,,,,,,,,,,,,,,,,,,,, ,1,,,,, 
,,consultationQueue,consultationQueue,MedicalDoctorConsultationQueue,,queueId,object,, ,,,,,,,,,,,,,,,,,,,,,,,,,, ,, , ,1,,,,,Overwrite Gen
,,weight,weight,,,,weight,,,,,,,,,-77,,,,,,,,,,,,,,,,,,,,,,,,,,,,
,,height,height,,,,height,,,,,,,,,-77,,,,,,,,,,,,,,,,,,,,,,,,,,,,
,,bmi,bmi,,,,float,, ,,,,,,,-77,,,,,,,,,,,,,,,,, ,,,,,,,,,,,
,,bmi_status,bmiStatus,,,,integer,, ,,,,,,,-77,,,,,,,,,,,,,,,,,,,,,,,,,,,,
,,bmi_color,bmiColor,,,,text,, ,,32,,,,,-77,,,,,,,,,,,,,,,,,,,,,,,,,,,,
,,temperature,temperature,,,,temperature,,,,,,,,,-77,,,,,,,,,,,,,,,,,,,,,,,,,,,,
,,bp,bloodPressure,,,,blood-pressure,,,,,,,,,'-68/-69',,,,,,,,,,,,,,,,,,,,,,,,,,,,
,,bp_status,bloodPressureStatus,,,,integer,, ,,,,,,,-77,,,,,,,,,,,,,,,,,,,,,,,,,,,,
,,bp_color,bloodPressureColor,,,,text,, ,,32,,,,,-77,,,,,,,,,,,,,,,,,,,,,,,,,,,,
,,pulseRate,pulseRate,,,,pulse-rate,,,,,,,,,-77,,,,,,,,,,,,,,,,,,,,,,,,,,,,
,,respirationRate,respirationRate,,,,respiration-rate,,,,,,,,,-77,,,,,,,,,,,,,,,,,,,,,,,,,,,,
,,oxygenLevel,oxygenLevel,,,,oxygen-saturation,,,,,,,,,-77,,,,,,,,,,,,,,,,,,,,,,,,,,,,
,,ownerReference,ownerReference,,,,reference,,FALSE,,,,,,,,,,,,,,,,,,,,,,,,,,,,,,,,,,,
,,attendedBy,attendedBy,Login,,loginId,object,,FALSE,,,,,,,,,,,,,,,,,,,,,,,,,,,,,,,,,,,
LocalExamination,_local_examination,examinationId,examinationId,,,,integer,primary,,,,,,,,,,,,,,,,,,,,,,,,,,GeneralMedicalWorkingBlock.php://GeneralMedicalWorkingBlock.getWorkingBlockForConsultationQueue,,,GeneralMedicalWorkingBlock,,,,,,,
,,examination,examination,MedicalComment,,commentId,object,,,,,,,,,,,,,,,,,,,,,,,,,,,,,,,,,,,,,
SystemicExamination,_systemic_examination,examinationId,examinationId,,,,integer,primary,,,,,,,,,,,,,,,,,,,,,,,,,,GeneralMedicalWorkingBlock.php://GeneralMedicalWorkingBlock.getWorkingBlockForConsultationQueue,,,GeneralMedicalWorkingBlock,,,,,,,
,,examination,examination,MedicalComment,,commentId,object,,,,,,,,,,,,,,,,,,,,,,,,,,,,,,,,,,,,,
ProvisionDiagnosis,_provision_diagnosis,diagnosisId,diagnosisId,,,,integer,primary,,,,,,,,,,,,,,,,,,,,,,,,,,GeneralMedicalWorkingBlock.php://GeneralMedicalWorkingBlock.getWorkingBlockForConsultationQueue,,,GeneralMedicalWorkingBlock,,,,,,,
,,mainDisease,mainDisease,ICD10,,ICD10ID,object,,FALSE,,,,,,,,,,,,,,,,,,,,,,,,,,,,,,,,,,,
,,listOfDifferentialDiseases,listOfDifferentialDiseases,ICD10,,ICD10ID,list-object,,,,,,,,,,,,,,,,,,,,,,,,,,,,,,,,,,,,,
WorkingDiagnosis,_working_diagnosis,diagnosisId,diagnosisId, ,,,integer,primary,,,,,,,,,,,,,,,,,,,,,,,,,,GeneralMedicalWorkingBlock.php://GeneralMedicalWorkingBlock.getWorkingBlockForConsultationQueue,,,GeneralMedicalWorkingBlock,,,,,,,
,,listOfDiseases,listOfDiseases,ICD10,,ICD10ID,list-object,, ,,,,,,,,,,,,,,,,,,,,,,,,,,,,,,,,,,,We can have empty diseases
ConsultationAdditionalComment,_consultation_addition_commet,commentId,commentId,,,,integer,primary,,,,,,,,,,,,,,,,,,,,,,,,,,GeneralMedicalWorkingBlock.php://GeneralMedicalWorkingBlock.getWorkingBlockForConsultationQueue,,,GeneralMedicalWorkingBlock,,,,,,,
,,medicalComment,medicalComment,MedicalComment,,commentId,object,,,,,,,,,,,,,,,,,,,,,,,,,,,,,,,,,,,,,
String4,_string_4,stringId,stringId,,,,integer,primary,,,,,,,,,,,,,,,,,,,,,,,,,,,,,__undo_data__,,,,,,,
,,_value,value,,,,text,value,FALSE,,4,,,,,,,,,,,,,,,,,,,,,,,,,,,,,,,,,
String8,_string_8,stringId,stringId,,,,integer,primary,,,,,,,,,,,,,,,,,,,,,,,,,,,,,__undo_data__,,,,,,,
,,_value,value,,,,text,value,FALSE,,8,,,,,,,,,,,,,,,,,,,,,,,,,,,,,,,,,
String16,_string_16,stringId,stringId,,,,integer,primary,,,,,,,,,,,,,,,,,,,,,,,,,,,,,__undo_data__,,,,,,,
,,_value,value,,,,text,value,FALSE,,16,,,,,,,,,,,,,,,,,,,,,,,,,,,,,,,,,
String32,_string_32,stringId,stringId,,,,integer,primary,,,,,,,,,,,,,,,,,,,,,,,,,,,,,__undo_data__,,,,,,,
,,_value,value,,,,text,value,FALSE,,32,,,,,,,,,,,,,,,,,,,,,,,,,,,,,,,,,
String64,_string_64,stringId,stringId,,,,integer,primary,,,,,,,,,,,,,,,,,,,,,,,,,,,,,__undo_data__,,,,,,,
,,_value,value,,,,text,value,FALSE,,64,,,,,,,,,,,,,,,,,,,,,,,,,,,,,,,,,
String128,_string_128,stringId,stringId,,,,integer,primary,,,,,,,,,,,,,,,,,,,,,,,,,,,,,__undo_data__,,,,,,,
,,_value,value,,,,text,value,FALSE,,128,,,,,,,,,,,,,,,,,,,,,,,,,,,,,,,,,
String256,_string_256,stringId,stringId,,,,integer,primary,,,,,,,,,,,,,,,,,,,,,,,,,,,,,__undo_data__,,,,,,,
,,_value,value,,,,text,value,FALSE,,256,,,,,,,,,,,,,,,,,,,,,,,,,,,,,,,,,
String512,_string_512,stringId,stringId,,,,integer,primary,,,,,,,,,,,,,,,,,,,,,,,,,,,,,__undo_data__,,,,,,,
,,_value,value,,,,text,value,FALSE,,512,,,,,,,,,,,,,,,,,,,,,,,,,,,,,,,,,
TypeOfAnaesthetist,_type_of_anaesthetist,typeId,typeId,,,,integer,primary,,,,,,,,,,,,,,,,,,,,,,{1},,,,,,,__data__,,,,,,,Oct_30_2022
,,typeName,typeName,,,,text,value,FALSE,TRUE,32,,,,,,,,,,,,,,,,,,,{'Regional'},,,,,,,,,,,,,,
SurgeryStatus,_surgery_status,statusId,statusId,,,,integer,primary,,,,,,,,,,,,,,,,,,,,,,"{1,2}",,,"{'NOT_DONE':'1', 'DONE':'2'}",,,,__data__,,,,,,,Oct_30_2022
,,statusName,statusName,,,,text,value,FALSE,TRUE,32,,,,,,,,,,,,,,,,,,,"{'Not Done', 'Done'}",,,,,,,,,,,,,,
